Name,baseMean,log2FoldChange,lfcSE,stat,pvalue,padj
ENSG00000215915.9_5,252.28795224644395,-1.4815039675158275,0.4424431849088286,-3.348461493018841,0.0008126157238525358,0.024074050190599845
ENSG00000142583.17_3,278.8098203496798,-1.2760856657596122,0.3225613680628595,-3.9561019765731325,7.618265091979232e-05,0.003263358002991188
ENSG00000009724.16_2,386.39107627567216,-3.0948735806147623,0.5055123687224587,-6.12225095191279,9.226255816312054e-10,9.581187579210037e-08
ENSG00000187144.11_3,11.572780120300914,-2.42680589606071,0.7721373670427156,-3.1429717037984717,0.0016724200626117537,0.04284713770594696
ENSG00000159423.17_5,2016.501336982739,-1.4715513737545267,0.3377542186549141,-4.35687044743628,1.3193530576675096e-05,0.000703782293128192
ENSG00000127472.11_3,44.96183877860249,-2.587682696509526,0.43670929816744164,-5.9254124136311965,3.1151458614638496e-09,3.0301023794458867e-07
ENSG00000227066.2_6,15.581644334518218,-2.065278151694793,0.6540292647667048,-3.15777636101878,0.0015897746791844445,0.041097750256028326
ENSG00000162551.14_5,478.01575786525643,-2.00035714687174,0.478920865150971,-4.176800996634723,2.9563745480407587e-05,0.0014450580516981136
ENSG00000173372.17_4,2499.893682650988,-1.4184984602176376,0.35875092607009273,-3.953992469807566,7.685782922456418e-05,0.0032741435249664342
ENSG00000159189.12_3,3835.7925637464027,-1.2578439215679906,0.36997071255270714,-3.3998472822055996,0.0006742349926680744,0.020710369811628503
ENSG00000173369.16_4,2924.73908411411,-1.5701543456108003,0.37132063728383297,-4.228567410355362,2.3518405267539e-05,0.0011832596277794062
ENSG00000131910.5_3,191.6572058951406,-1.6539955941114743,0.38346902320988496,-4.313244340485331,1.6087615090502017e-05,0.0008368140747877707
ENSG00000142748.12_2,351.3319257272984,-4.451546228051249,0.5850047889735728,-7.609418438884514,2.7533199544032223e-14,4.671199394734908e-12
ENSG00000000938.13_4,489.5747051868509,-1.3436128214863938,0.3374415135483585,-3.9817650393920534,6.840538521187753e-05,0.002952866192112127
ENSG00000188060.7_3,140.55308593858305,-1.3614261088370239,0.35849001070937636,-3.797668186466473,0.00014606366824160077,0.0056454091429909295
ENSG00000162511.8_3,3001.920790293515,-1.193964823956638,0.3413890726221153,-3.497372703777902,0.0004698648929175892,0.015268516080432261
ENSG00000121769.7_3,159.00248715841647,-1.5074467164527785,0.3324074738308007,-4.5349362909333575,5.7620875643066146e-06,0.00033428126682710004
ENSG00000187048.13_4,1173.2404084657412,-7.594733040272143,0.604449136560855,-12.564718155582174,3.3004907094611976e-36,3.106826432025394e-33
ENSG00000162365.12_4,415.00963448468804,-5.505030099696474,0.5920993403380705,-9.297477170897151,1.4381752744349473e-20,4.074504144008368e-18
ENSG00000211452.10_4,90.29465552649502,-4.021934806164862,0.571003115861703,-7.043630226247267,1.87294786194604e-12,2.7464568622837886e-10
ENSG00000187889.13_6,45.964562108857244,-2.953516102352012,0.6697194677445597,-4.410079510304042,1.0333267139017576e-05,0.0005667952413226916
ENSG00000157131.10_2,800.4989086117326,-8.859031180658613,0.7219244382769058,-12.271410567293454,1.2898643787103237e-34,9.651162162857938e-32
ENSG00000021852.13_4,1020.7701807178237,-9.091045465846992,0.6898260351059415,-13.178750878039585,1.1630048628408415e-39,1.6552504174978037e-36
ENSG00000132855.4_2,321.7903469520588,-2.5913550962657372,0.49585902221964046,-5.225991622913132,1.7322420206040757e-07,1.3408104616246031e-05
ENSG00000116678.19_4,859.3836143339965,-1.9385570079147008,0.4809067752457102,-4.031045324583402,5.552933300729242e-05,0.002481472383592343
ENSG00000235200.3_5,6.47613767637821,-6.104908422798933,1.3736923910162453,-4.444159742548021,8.823602945654381e-06,0.0004885798056112723
ENSG00000213512.3_6,35.513290026259604,-6.032411582623866,0.7624177024582085,-7.912213427329921,2.5285242129634845e-15,4.669928168258699e-13
ENSG00000226822.3_6,15.208094861460593,-2.4773295194653904,0.7062899391127564,-3.507524859517919,0.0004522960920916656,0.014863121918160915
ENSG00000143110.11_2,253.1511970491711,-1.2636542975286478,0.33012638617885437,-3.8277894480207677,0.00012929928878253463,0.0050850169083061225
ENSG00000121933.19_4,37.24747029803386,-1.5429135446152007,0.43157809408442893,-3.575050647295743,0.0003501601039490121,0.011923012827696759
ENSG00000282608.1_1,60.05754524959569,-1.4849392959952692,0.3930082560205875,-3.778392115807058,0.0001578442061091667,0.006052630457912738
ENSG00000134258.12,66.66267861556366,-3.8660649699296825,0.8522007130598229,-4.536566222819262,5.717754096801336e-06,0.0003323700842604777
ENSG00000092607.15_4,132.66175810610073,-1.9699556379618066,0.513329162617359,-3.837607097787726,0.00012423905521932643,0.004913273707815149
ENSG00000116882.14_4,84.86665496520301,-5.199225182498283,0.6420894526051614,-8.09735335380977,5.616774848048575e-16,1.1149871213667038e-13
ENSG00000168509.20_5,103.05319260846963,-5.325713267428537,0.7171138360476834,-7.426593937694449,1.1142976916666337e-13,1.77684813882645e-11
ENSG00000174827.13_2,253.76591422810623,-1.9818734765811945,0.39916092549442705,-4.965098911238156,6.866606468783598e-07,4.816693350133995e-05
ENSG00000283342.1_5,3.8167051299613646,-3.9467867292074317,0.8717782960093842,-4.527282621366094,5.974700995213044e-06,0.0003452430687946769
ENSG00000150337.13_4,176.38460157685117,-1.4242365409936057,0.403638692945679,-3.528493590641165,0.0004179320677878579,0.01388967045891403
ENSG00000143627.19_5,247.25847763139384,-1.9656379848189147,0.6166507407464462,-3.1876033789232787,0.0014345716585292582,0.037781801053738524
ENSG00000132677.13_3,10.595411048872565,-2.8345291018629193,0.8568909186221589,-3.307922910912291,0.0009399067836496826,0.026942455651946355
ENSG00000073754.6_4,342.7242630405581,-9.001316015655032,1.0197999286833221,-8.826550936590822,1.079531952417491e-18,2.6472119246634293e-16
ENSG00000132703.4_3,1999.3168736422174,-9.4079096810254,0.6388562000325181,-14.726177315875672,4.3777858357635484e-49,3.193704211835403e-45
ENSG00000158731.2_2,19.3635325099648,-7.681748062357673,1.295846608832058,-5.9279763592399295,3.0669063713826103e-09,2.9931570175022055e-07
ENSG00000132693.12_3,12422.913633823693,-9.579442128915971,0.634072458747606,-15.10780352743422,1.4385548269995373e-51,1.39928228022245e-47
ENSG00000158714.11_4,588.6220437548442,-1.2227773421041679,0.35289766147826823,-3.464963006504558,0.0005303044208389393,0.016912364267214305
ENSG00000162723.10_3,32.34843501323875,-1.909542632580322,0.5553486105953246,-3.438457567280709,0.0005850382187164623,0.01837674947294412
ENSG00000066294.14_2,1246.0039255631339,-1.45007978834939,0.4219808846304351,-3.4363636865194724,0.0005895789549322711,0.018479595578816975
ENSG00000158869.11_3,748.7405749369118,-1.2800913605592013,0.31983461725301027,-4.002354002683095,6.271536792339932e-05,0.002752025791537918
ENSG00000158874.11_4,1445.1993032594478,-7.843117476561316,0.6495763218805172,-12.074204696771531,1.4455506668002864e-33,9.809910234395152e-31
ENSG00000143257.11_3,72.74234488802864,-2.86926708242153,0.4303053261465595,-6.6679794742867635,2.593490434609021e-11,3.3339490912918873e-09
ENSG00000203747.11_5,1887.1468981883274,-1.6701859301200674,0.44503707428696365,-3.752914142706047,0.00017479073293410067,0.006641365075195302
ENSG00000072694.20_3,357.97917735470793,-1.4256464325616496,0.44122198067973795,-3.231131935823611,0.0012330101110081938,0.03337705755967542
ENSG00000117152.13_4,240.32490274956942,-1.4603483631478362,0.4686341604498605,-3.116179925394235,0.0018321044995071576,0.04601811070302345
ENSG00000198734.11_3,1955.4673154411162,-3.496421520522865,0.5955541555301788,-5.8708708319065535,4.335119388104751e-09,4.1612868047462087e-07
ENSG00000007933.13_4,719.5079026824886,-4.476658623618379,0.43916567654263095,-10.193553054649565,2.118759705205474e-24,8.029548955532589e-22
ENSG00000094963.14_3,118.89692161810005,-3.0889582354838314,0.4811572471353284,-6.419851834040946,1.3640704412778736e-10,1.5488303325653553e-08
ENSG00000120337.8_2,33.28415388157567,-2.1319083559899337,0.5748602787165451,-3.708567864089885,0.00020843479996081131,0.007689143270365064
ENSG00000117601.13_2,2243.2112817280336,-8.105393979028042,0.6095339810962068,-13.297690088501747,2.3873018445678527e-40,4.097873830960854e-37
ENSG00000181101.7_5,2.8178948000895425,-3.5208610776542915,0.9626990373624105,-3.6572811865489117,0.0002549047012027732,0.0091672462979892
ENSG00000120332.15_2,56.00826686379118,-1.958167881802495,0.3801370375776633,-5.151215714944468,2.588032999364728e-07,1.9615945702457697e-05
ENSG00000135838.13_2,600.0874576270573,-1.0452120828875047,0.23383314243136116,-4.4699056430561965,7.825411223205934e-06,0.0004399871385440701
ENSG00000116690.12_7,276.8292337750889,-5.256943126491081,0.5818310728227271,-9.035170811670922,1.6374649683429637e-19,4.228572145240356e-17
ENSG00000000971.15_2,4238.970683544241,-2.236184485878072,0.4517960976642215,-4.949543604823304,7.438771100945969e-07,5.168351892778674e-05
ENSG00000116785.13_2,314.97217445237015,-6.7919454665515895,0.6537816343173503,-10.388706427404369,2.7911279719290288e-25,1.0859720713181464e-22
ENSG00000244414.6_4,782.8763235849881,-5.626405486817087,0.5504615061168341,-10.221251484972859,1.592711706016121e-24,6.115384249112688e-22
ENSG00000134365.13_5,58.144064058615186,-6.49033990964067,0.8906314207678795,-7.287346660243433,3.161187707234696e-13,4.880773464805061e-11
ENSG00000080910.13_5,310.46402294806353,-8.362812328371435,0.9241590849040777,-9.049104710407565,1.4414530166019195e-19,3.755628614058983e-17
ENSG00000134389.9_2,255.61563644400422,-9.967064442925578,1.0599596650448135,-9.403248794853138,5.2903802160734386e-21,1.5593796473256465e-18
ENSG00000143278.4_5,78.91221339450371,-7.598257684701239,0.8715246024932986,-8.71835133852078,2.822818647717601e-18,6.589813676723785e-16
ENSG00000230623.6_7,26.96700945396693,-3.7136632791357855,0.6802596605652743,-5.459184917785436,4.7832537694265516e-08,4.057561867605704e-06
ENSG00000133048.13_3,2765.95634914737,-2.4427809105600535,0.4573013084767987,-5.341731731965925,9.206283004754777e-08,7.462459565604144e-06
ENSG00000133063.16_3,194.79574177556094,-3.432781377031061,0.5166257600902079,-6.644619068998154,3.040022696502836e-11,3.840298801153648e-09
ENSG00000188783.6_3,1260.387811482368,-2.314373891297971,0.462298812172423,-5.006229370182292,5.550660977974108e-07,3.950581414591767e-05
ENSG00000143845.15_5,127.64569606246862,-1.8388876338400943,0.4136073824276157,-4.445973916246316,8.749456486107165e-06,0.000485395227606641
ENSG00000174567.8_3,423.9594271144881,-0.991633440314541,0.3171902275922557,-3.126305144524421,0.0017701776994264113,0.04479460189941579
ENSG00000123838.11_4,2974.585065660125,-2.603511634685792,0.6847321062505968,-3.8022339115101524,0.00014339724239773307,0.0055570716207280855
ENSG00000117594.10_4,532.2363901472861,-3.5554594156527086,0.4470983428573501,-7.952298353266549,1.8308268258810235e-15,3.4691790653268923e-13
ENSG00000230461.9_7,78.34834540311196,-1.0846815781476766,0.32186563002121543,-3.369982616895694,0.0007517292566983989,0.022684810175507733
ENSG00000143502.15_4,55.61818458294064,-1.8446396690399862,0.5852250470173835,-3.1520176356792073,0.0016214647978371026,0.04182977365621669
ENSG00000135744.8_4,4144.48235855382,-2.4556678694183516,0.5051951997193558,-4.860829775861915,1.1689473825610548e-06,7.919431822660793e-05
ENSG00000117009.12_3,91.02793834584422,-1.7320066286757012,0.41525189042192184,-4.170978311298894,3.0329473112123812e-05,0.0014800072824161957
ENSG00000118004.17_2,559.2051461190632,-4.682516144932568,0.39521369470140894,-11.848061460699869,2.2022643841191726e-32,1.350751256654428e-29
ENSG00000151360.10_3,7.336637670732511,-4.481876460854233,0.9324169710381486,-4.806729821599164,1.5341909902683097e-06,9.970874674169164e-05
ENSG00000232718.1_4,2.5211070542848715,-4.737718807380779,1.5182352948052418,-3.1205431882602426,0.0018051782510885579,0.045431274757565816
ENSG00000188525.3_5,5.32150375146533,-4.781320919202106,1.3183787254672468,-3.6266672291056254,0.0002871029072464065,0.010150845967529205
ENSG00000231948.2_6,23.078887740265603,-2.3319536714677125,0.6633844853817067,-3.515236974717494,0.0004393617425729762,0.014519835798439433
ENSG00000261012.2_6,71.15080476041638,-7.287280600343348,0.8375582852714762,-8.700625053194162,3.300611094647733e-18,7.583868689205944e-16
ENSG00000084674.14_3,35866.82760667934,-8.107724506350863,0.6666276295000444,-12.162298932061175,4.935004150930974e-34,3.428770384007542e-31
ENSG00000115226.10_3,309.4573171573736,-2.3739816963348854,0.4318229690634985,-5.497580875522621,3.850367409799616e-08,3.294943442386e-06
ENSG00000084734.9_4,178.85745378551817,-5.009081924068762,0.5525047374432253,-9.066133889184053,1.233148922127064e-19,3.301331990512831e-17
ENSG00000277893.2_3,59.6164456546514,-6.396698994804651,0.8117710882346723,-7.879929560826451,3.275656856954637e-15,5.900428564369954e-13
ENSG00000228262.10_7,31.474308490264434,-3.7690166643592993,0.7889165388138538,-4.777459311508496,1.7752395715114318e-06,0.00011435599544431587
ENSG00000138061.12_5,530.8670026947993,-2.373297057836062,0.48831169480519915,-4.860209335725279,1.1726169296193036e-06,7.920864496115949e-05
ENSG00000138075.13_4,118.34370673343425,-4.535178271055554,0.6042864434560326,-7.505014087554208,6.142199520886632e-14,1.0126300803332926e-11
ENSG00000143921.9_5,272.8698874622409,-3.938163110807095,0.5554962558261385,-7.089450323927436,1.3464572121942092e-12,2.00464121984894e-10
ENSG00000163217.2_3,42.60039405572504,-6.412108092430431,0.9161110806645261,-6.9992692237487555,2.573010166106993e-12,3.644806294037289e-10
ENSG00000144035.3_2,29.083283581891216,-3.7521064918352165,0.7380365673334645,-5.083903234485556,3.697563668257992e-07,2.6907382893625055e-05
ENSG00000125551.18_3,41.61661259426468,-2.8736950811161313,0.5497295561283708,-5.2274705790879405,1.7184473235410622e-07,1.3336705145811632e-05
ENSG00000281162.2_5,16.00746620586135,-2.4515115138231085,0.6141303838395052,-3.9918420881513956,6.556202633631325e-05,0.002851215336095316
ENSG00000240935.6_2,14.018734783347627,-4.929713411688966,0.85900476691448,-5.73886618743264,9.531248907842227e-09,8.773860390528204e-07
ENSG00000198075.10_3,116.63458087981506,-1.7918924036425978,0.410170647481193,-4.368650986233137,1.250163720106562e-05,0.0006730816884950109
ENSG00000240069.1_4,15.721055582171005,-1.7261268154597644,0.5219633061124026,-3.3069888155855347,0.000943046571898495,0.02697945295546077
ENSG00000230596.3_5,48.388234355842755,-2.3148202208585604,0.42447685253179174,-5.453348532556764,4.943005124390545e-08,4.1568251450962685e-06
ENSG00000115107.20_4,2763.81210608767,-0.7878249888221834,0.23118893022701592,-3.407710689471935,0.000655103122997558,0.020229168499673798
ENSG00000080293.9_4,128.14941234473073,-3.81859191253487,0.6103018002608117,-6.256891116662279,3.927273965780145e-10,4.276185880426508e-08
ENSG00000231013.2_6,35.97072477788349,-4.378061910166334,0.723807253771357,-6.048657135383334,1.4605812165231154e-09,1.4799034888667026e-07
ENSG00000163075.13_4,36.43576098674854,-5.781000678693039,0.8341915811905877,-6.930063559790655,4.206515809643003e-12,5.845254182913927e-10
ENSG00000115718.17_4,440.05383187008863,-3.402515355263865,0.5673511361130061,-5.997194926892938,2.0075502981567432e-09,2.0062440154284905e-07
ENSG00000186825.6_3,24.633907707284262,-1.554552470065335,0.49728907078177675,-3.1260539621782937,0.0017716903879161786,0.04479460189941579
ENSG00000153086.14_3,27.841148615892603,-5.625069838667919,0.8003909328958336,-7.027903000245494,2.0966056171251414e-12,2.9990710055553306e-10
ENSG00000144229.12_5,41.14940927138157,-1.9726648112281429,0.5439639660180206,-3.6264622924724983,0.0002873307552578432,0.010150845967529205
ENSG00000115919.15_4,359.36897221895254,-1.4187377849643017,0.36924710443131054,-3.842244848877951,0.00012191412488670193,0.00484023956233857
ENSG00000226674.11_7,73.99964556267247,-1.7519738634173707,0.5301841950320154,-3.3044626373888364,0.0009515865875728644,0.027152669864019277
ENSG00000007001.12_3,7.760794138886992,-3.0218129121160295,0.7793870308638221,-3.8771660195151663,0.00010568024892761742,0.004301053478321902
ENSG00000073734.10_6,255.869041957957,-4.9120587306260814,0.6184486071631086,-7.9425495889759254,1.980671287524922e-15,3.728901215565468e-13
ENSG00000003436.16_5,1539.838781085589,-1.4295516590279151,0.3969439832368685,-3.6013939482611037,0.0003165155347853946,0.010969405962675295
ENSG00000138356.14_5,2699.849305294099,-5.376749474579596,0.5638624028855872,-9.535570109061851,1.4906425162180872e-21,4.627493538910638e-19
ENSG00000224137.1_5,12.475136884690396,-2.108634706332285,0.5240420708242115,-4.023788973690284,5.7269237012217114e-05,0.002539777515582838
ENSG00000078018.19_6,176.9213722720116,-1.6661789011916985,0.4661631240915318,-3.5742400354785286,0.0003512465953474468,0.011946068646659494
ENSG00000115361.8_4,29.583197971987204,-5.004149247713934,0.7180300913008504,-6.969275115821329,3.18578170831331e-12,4.4694373091485915e-10
ENSG00000021826.15_4,3823.774111285247,-3.497707409295997,0.7216480088149939,-4.846833035733756,1.2544791747115135e-06,8.357752693437596e-05
ENSG00000237525.7_6,7.443802358845549,-4.001094254044992,1.1618276733099395,-3.443793211299783,0.0005736142415446055,0.01803732455012191
ENSG00000135929.9_4,2661.6412867565455,-1.669173116385227,0.2957668001216792,-5.643544561791672,1.665843842178736e-08,1.5003391715622744e-06
ENSG00000115468.12_4,210.44499758894986,-1.4144672472897037,0.345829293703207,-4.09007355086469,4.312364155263648e-05,0.0020139489572357683
ENSG00000244474.5_3,153.54568577583993,-3.975855309473426,0.6409984583069966,-6.2025973041720635,5.553882370499229e-10,5.877127273306609e-08
ENSG00000241635.7_3,212.850380054023,-2.8505525891085557,0.5104776948419935,-5.58408842915434,2.3492915455454976e-08,2.0711382655759267e-06
ENSG00000185038.14_6,6.447457874072783,-3.077331779773363,0.9579872061325706,-3.2122890160471598,0.0013168182995612903,0.03512438281489764
ENSG00000144481.17_7,77.48470252082974,-4.912068342981032,0.6334710840739886,-7.7542108337297195,8.889453497862005e-15,1.5349298374030245e-12
ENSG00000072080.11_6,118.70834775995945,-9.913721616809916,1.047607632686131,-9.463201018677688,2.986575086795645e-21,9.078254959144137e-19
ENSG00000172482.5_3,923.6833652076836,-6.276741508506968,0.5445239607107232,-11.52702536783587,9.641781477604829e-31,5.516800496038951e-28
ENSG00000157087.20_6,152.20473559959112,-5.47797032195901,0.6293178978101508,-8.704615490868454,3.1865321136104304e-18,7.379856635497299e-16
ENSG00000157103.12_5,431.83071304353047,-2.1426187919727737,0.38701446682512614,-5.536275709664682,3.0897106264637494e-08,2.667480644699369e-06
ENSG00000168329.13_4,67.33214787989733,-1.3873510664850601,0.4431409617681442,-3.1307217932404456,0.0017437726830675068,0.044324939603303935
ENSG00000273328.5_7,20.421827671175517,-4.354851781989447,0.7187812839309888,-6.058660512378563,1.3725973673713686e-09,1.3956015253402059e-07
ENSG00000180432.5_2,790.6495007086488,-7.645044237284602,0.6426179194873044,-11.896718104879486,1.2309341262582907e-32,7.808671464857212e-30
ENSG00000163825.4_3,20.556025820941453,-5.852727900679537,0.9569453353111279,-6.116052489849551,9.5921741710747e-10,9.890785670888015e-08
ENSG00000160801.14_4,96.97065606014601,-2.8003873142930233,0.4476869598180648,-6.255235389101061,3.969167887410813e-10,4.305735617938102e-08
ENSG00000173531.15_3,1101.2186655562605,-2.288824541857251,0.42145333645752336,-5.4307899448505905,5.6105142719696046e-08,4.664399343884474e-06
ENSG00000188338.15_4,456.90498884391195,-4.803630072126298,0.5917157325469248,-8.118138166531438,4.733896864046635e-16,9.660128978303837e-14
ENSG00000114378.17_3,479.1654642360111,-1.8610019263814745,0.4476983833515038,-4.156820742683665,3.2270699824358546e-05,0.0015565145315282755
ENSG00000055957.11_4,3038.1347955759484,-8.613808615223347,0.6565579261950643,-13.119647591710244,2.5411385258789138e-39,3.224041883637938e-36
ENSG00000162267.12_3,4647.337950767377,-7.897063054484563,0.5528257579702482,-14.284904313213213,2.717825329027621e-46,1.3218143487725835e-42
ENSG00000055955.16_4,5938.892844343826,-6.147437459335935,0.5477662602351214,-11.222738429886551,3.153514536044474e-29,1.5865984082123067e-26
ENSG00000243694.3_5,14.940791326158608,-4.149102138290984,0.9931032497891749,-4.177916182604169,2.941920221976467e-05,0.0014404056039848203
ENSG00000064225.12_4,190.0643438050582,-1.1799084169906096,0.35417270542215784,-3.3314493153395657,0.0008639503118129609,0.025236170219233245
ENSG00000181458.10_4,324.21264141731865,-1.5051438214844421,0.42381379217633564,-3.5514271816293297,0.0003831479974191341,0.012851312313434199
ENSG00000170044.8_3,2.9555600319042856,-3.7766658824997936,1.0092474896797115,-3.742061210078742,0.0001825170424851422,0.006854607228775979
ENSG00000163884.4_3,139.60135711200203,-2.011930388064916,0.5367119887348812,-3.7486220362011444,0.00017780881323152284,0.006721034946773404
ENSG00000159650.9_3,70.30620154076703,-5.161785619632027,0.8003100958646531,-6.449731980520933,1.120481280750465e-10,1.3184179134507791e-08
ENSG00000180767.9_2,62.71776216183464,-1.922398461149682,0.49006964700998096,-3.922704605107955,8.756047957673195e-05,0.003681703680876967
ENSG00000091513.16_5,6325.580228277151,-7.424195073527281,0.5818681570629943,-12.759239328375072,2.7689171423606836e-37,2.7861990045250728e-34
ENSG00000244062.1_5,32.279925008246614,-6.232132622441689,1.5380775480135918,-4.051897533053786,5.0803915514787524e-05,0.0022949056635247905
ENSG00000243818.5_7,17.139945594411415,-6.719611017214396,1.0559626991755526,-6.3634927847932135,1.972166616717813e-10,2.221999769978475e-08
ENSG00000188582.8_3,19.779818029271073,-6.926162486333866,1.0708008781196525,-6.468207701226716,9.917212545233623e-11,1.1860417183707472e-08
ENSG00000241570.8_8,6.110593215186806,-5.81773569726349,1.2710652349378977,-4.577055163929282,4.715671408107227e-06,0.0002796910718698719
ENSG00000144891.17_3,154.29601467559394,-3.6812480236777376,0.6756480569740375,-5.448469784941886,5.0805019855647074e-08,4.260176104619647e-06
ENSG00000047457.14_4,4758.493040583683,-6.4296703151087335,0.5953184993360218,-10.800387225123957,3.427549908690012e-27,1.5154444528103521e-24
ENSG00000286714.1_1,4.36021950507907,-4.925164592956071,1.1624943550746354,-4.236721298005667,2.2680737322047516e-05,0.0011490392288101886
ENSG00000169903.6_3,596.8800472235166,-5.0908135174304645,0.6627722865915988,-7.681089901345604,1.577407275597106e-14,2.7076659828940677e-12
ENSG00000244503.1_5,8.126970622872932,-3.922672115910435,0.9523833584191895,-4.118795316227984,3.808582520309978e-05,0.0018041923137202185
ENSG00000114771.14_4,429.9039157216432,-3.642262030736129,0.6531277314587498,-5.576645815667937,2.4520039000584188e-08,2.1487064807088506e-06
ENSG00000114200.10_4,90.13583780832703,-2.544153692811541,0.5538241625946836,-4.593793237355519,4.352606588178268e-06,0.0002608078292600206
ENSG00000013297.11_4,199.1115739214616,-1.8996078037526223,0.5313226169375034,-3.5752436338994826,0.00034990190092713293,0.011923012827696759
ENSG00000163581.14_4,1036.5940103201065,-8.125857754044922,0.6644836649472051,-12.228829966332645,2.180568550410462e-34,1.5907792717381923e-31
ENSG00000231574.6_6,11.94325114288412,-3.5131928014237586,0.8920012032508702,-3.938551639414878,8.197495265768288e-05,0.0034618105549983277
ENSG00000225790.2_6,4.09451839473517,-4.216068076118719,1.1488221650577275,-3.6699048855023304,0.00024264073538335682,0.008793469656347697
ENSG00000090534.20_7,40.44333121276631,-2.2102075463051305,0.5183895028847536,-4.263603977329177,2.0115583003814055e-05,0.001031621841185058
ENSG00000090539.15_4,443.76134138341524,-1.6067148316132027,0.45965177660304896,-3.495504452277461,0.00047316655882266866,0.015290668165010292
ENSG00000145192.13_3,4033.906114188937,-8.044592386772086,0.6408988430214708,-12.552046979592664,3.8736499691416334e-36,3.532405617172563e-33
ENSG00000090512.11_5,54.08181782393196,-3.667422800020285,0.938783410841973,-3.9065696705601756,9.361565960878535e-05,0.003891450944507073
ENSG00000113905.4_2,2325.7822835699367,-8.290702986094423,0.6291115517025943,-13.178430699065853,1.1679505963076205e-39,1.6552504174978037e-36
ENSG00000113889.14_5,1297.0526065761178,-6.045745145920028,0.5318293833192784,-11.36782835913849,6.047345028076962e-30,3.20850136844207e-27
ENSG00000073849.15_4,12424.26160568538,-1.106626754425625,0.32651906158589156,-3.3891643233653124,0.0007010598502903465,0.021354517214324218
ENSG00000127241.16_5,646.8380827382902,-3.0645661983314256,0.5565364779524137,-5.506496554559106,3.6604512432087976e-08,3.141636109649292e-06
ENSG00000238097.2_5,8.429450705534624,-3.2478244098722517,0.8644965830515252,-3.7568967576574877,0.00017203342797090086,0.006553665093497203
ENSG00000178772.7_3,437.94861663105814,-7.81729280645605,0.769037303432723,-10.165037211540055,2.8401355563827316e-24,1.0490885527949936e-21
ENSG00000145107.15_3,40.047853765959196,-2.446400062223607,0.5741447415529987,-4.260946561325917,2.0356290682111593e-05,0.0010384911160746476
ENSG00000109758.8_3,296.7518342393707,-6.770112365932447,0.9027853313575095,-7.499138644346709,6.423855405644653e-14,1.0531153066972843e-11
ENSG00000157765.13_6,353.07257271803223,-6.7088920028054915,0.7095007278911235,-9.455792980997483,3.205827087338925e-21,9.644251570684245e-19
ENSG00000134962.7_3,139.06414925792126,-1.8966010911791642,0.4780881266157891,-3.9670533225840794,7.276671680361446e-05,0.0031318666121626453
ENSG00000196620.10_4,414.530711517095,-1.947268197728647,0.5890995447032421,-3.3054994104766795,0.0009480730349255959,0.027096688768035077
ENSG00000109181.12_3,189.71057752166143,-3.3685628429644927,0.7147732190595723,-4.712771482116403,2.4437019003827006e-06,0.00015302503252160427
ENSG00000171234.14_4,457.2369116388259,-2.3366389422928417,0.5809151955912939,-4.022340885599414,5.7622579902614526e-05,0.0025515698090109173
ENSG00000156096.14_4,576.1550461706637,-7.321378485803246,0.7608718545260955,-9.622354200975566,6.434141307051671e-22,2.0861630831230535e-19
ENSG00000145321.13_5,5190.468339240685,-8.888197875646297,0.584301911492419,-15.211652915774549,2.95974641467965e-52,8.636836012676687e-48
ENSG00000163631.17_7,71428.14975076691,-8.269961410794517,0.6008045519431935,-13.764811508246444,4.1496512105670436e-43,9.314690151965914e-40
ENSG00000079557.5_3,275.9187663371419,-7.917418734862065,0.8009737206131676,-9.884742197036203,4.848281082127348e-23,1.6644434147948017e-20
ENSG00000250436.1_6,23.41375124545286,-6.356908767694214,1.0098234256529304,-6.2950696193089115,3.0726192444399636e-10,3.3834755536604745e-08
ENSG00000124875.10_5,284.5865693023569,-2.230950355594133,0.5727950260488102,-3.894849386146772,9.825976578465942e-05,0.004049884499099077
ENSG00000269559.2_6,9.061092727007331,-1.4268924980945987,0.44356336255109574,-3.216885384509703,0.001295903579183075,0.03466156035210019
ENSG00000251442.6_6,100.46171490497403,-1.3905986848932999,0.3774126936108273,-3.6845572722766686,0.00022910050913761302,0.008388183133180283
ENSG00000170509.12_4,428.9613837520968,-4.914907539773314,0.5957139491314684,-8.250448972932547,1.5780054598379186e-16,3.3127897355057774e-14
ENSG00000118785.14_5,11307.998557437824,-3.5610742423217165,0.6389586912354318,-5.573246426050408,2.5003549356641057e-08,2.184516687952523e-06
ENSG00000198099.8_4,1428.0687316508154,-6.063555843210495,0.6606996540663213,-9.177476945677094,4.4130990838514505e-20,1.2035387323913007e-17
ENSG00000187758.8_3,481.6236928701708,-7.513005221655363,0.6958998236756696,-10.796101631370533,3.591295240237814e-27,1.5641430806773083e-24
ENSG00000196616.14_4,3505.274729278708,-4.955399959900875,0.6308921769367023,-7.854590912763929,4.0107906339589345e-15,7.180299477886851e-13
ENSG00000164089.9_5,33.94616029902597,-7.391255943785394,0.9217112236798646,-8.01905819729128,1.0655901424630645e-15,2.0592705925307738e-13
ENSG00000188517.16_6,27.593628799740426,-1.8666121628898629,0.4547889450370698,-4.104348144913056,4.054564927778309e-05,0.0019114096794426306
ENSG00000205403.13_3,1312.915536462816,-2.2701111457542487,0.44575692796911004,-5.092710854987681,3.529798067338051e-07,2.5880160151505443e-05
ENSG00000138792.10_4,434.91942766377326,-0.9733309838176328,0.31262577534744723,-3.1134060610833783,0.0018494137388822274,0.04632424232989037
ENSG00000137462.8_4,665.056393504019,-1.0829428290995324,0.3386653944563571,-3.197677846116894,0.0013853895463167,0.036738902591803096
ENSG00000171564.11_2,17070.283458850496,-8.095287845857003,0.627365987017942,-12.903612904385087,4.294793907009878e-38,4.820245423094433e-35
ENSG00000171560.16_4,30755.067566952446,-8.53037839086672,0.6075572065166694,-14.040452980179854,8.814739988710701e-45,2.8580325290062996e-41
ENSG00000171557.16_4,12406.197120966926,-8.948560418856509,0.6112785004644771,-14.639089076512567,1.5817317037441348e-48,9.231302569391519e-45
ENSG00000121207.12_4,31.222958868323428,-3.8157453113853483,0.5862080129383609,-6.5092001937315205,7.555198033552161e-11,9.156234145427756e-09
ENSG00000251244.2_6,17.781292879130035,-4.291537097338628,0.681367627100442,-6.298416488616067,3.0070165711969404e-10,3.3237784304582546e-08
ENSG00000151790.9_3,332.19543576604275,-2.3223227292415247,0.4361334701752403,-5.324798228185527,1.0106516087531457e-07,8.124469585406486e-06
ENSG00000171509.16_4,51.68985211493264,-1.7875909938498618,0.43218657402504773,-4.136155774580495,3.531724891055446e-05,0.0016891077527342623
ENSG00000109511.11_3,32.78112916395956,-4.010386763930179,0.8280178617799052,-4.843357793404916,1.2766310008777563e-06,8.485961101734351e-05
ENSG00000164107.8_2,133.49729159331912,-2.270731098115232,0.6123108491169347,-3.7084613173032057,0.0002085225075032051,0.007689143270365064
ENSG00000151726.14_4,3407.190237365852,-1.2456111306732849,0.38137781998561116,-3.266081731549779,0.001090467708382989,0.03020646162209499
ENSG00000249173.6_6,45.022139860749284,-6.065578670896631,0.889897717007303,-6.816040265048633,9.35840768382694e-12,1.2469757745285565e-09
ENSG00000164344.16_4,231.44210114194658,-4.084315086635725,0.4893920634930877,-8.345691300107102,7.07985173108165e-17,1.5080084187203914e-14
ENSG00000088926.13_3,187.7833159819947,-5.36319027127508,0.665008749128667,-8.064841670582895,7.333084093925023e-16,1.4361525298310478e-13
ENSG00000250056.7_6,116.22813989708699,-4.8251051580747495,0.6464015925911399,-7.464562608413484,8.357676813676938e-14,1.3474329674027997e-11
ENSG00000113492.14_3,120.72438805030073,-6.914737001208281,0.7686279809235237,-8.996207753066797,2.3364892802058976e-19,5.877680490145543e-17
ENSG00000145626.11_3,220.84414251144898,-8.982212622865301,0.9885171767278358,-9.08655189239907,1.022297127248556e-19,2.7621900435407514e-17
ENSG00000079215.14_4,398.46398751936704,-1.6302766348031192,0.46574003395793245,-3.5004004722307647,0.0004645596773465461,0.01516876994677016
ENSG00000113600.11_4,1529.3741484030277,-9.003029948803663,0.6577803852406034,-13.68698451765254,1.2144556739328203e-42,2.531359358645259e-39
ENSG00000112936.18_2,1171.3385168295715,-3.1784015057587136,0.5116079542323718,-6.212572497094302,5.212411853073125e-10,5.571552757674977e-08
ENSG00000039537.13_3,1267.905258743555,-7.386952555434971,0.5755041424016579,-12.835620130566223,1.0357032480719228e-37,1.0793877314995277e-34
ENSG00000182836.10_3,25.591304363420083,-2.160647146733054,0.6549787608580637,-3.2988049015550818,0.000970973692302435,0.02753545511669325
ENSG00000112964.14_4,395.0949444266276,-1.9044551573360144,0.47678191949222914,-3.9943946686658163,6.485974724948918e-05,0.0028289762545819753
ENSG00000134363.12_5,180.8349940855026,-1.5199948087805368,0.4784746673522938,-3.176750855362186,0.0014893492255102397,0.039048247753471974
ENSG00000287709.1_1,11.524836949615873,-3.1354185673111594,0.7001954044102197,-4.477919374452548,7.537405597177963e-06,0.00042625781537063986
ENSG00000145708.11_3,146.3941022977712,-5.769561857106666,0.6030931075077314,-9.566618794483077,1.1045910431978576e-21,3.503594699082248e-19
ENSG00000132837.14_3,200.03209796715444,-3.9552987389156,0.5285546477398969,-7.483235188316823,7.251493904178172e-14,1.175588020099018e-11
ENSG00000132840.10_3,428.32643103404575,-4.140839979253671,0.5248819275319813,-7.889088501720927,3.044016023968298e-15,5.551714474713681e-13
ENSG00000145692.15_3,352.2018760221838,-5.552072986111531,0.6886175924737389,-8.06263599244782,7.466660834421414e-16,1.4525641987283418e-13
ENSG00000172497.9_3,85.4893605465852,-7.253403437319006,0.8038817303260645,-9.0229733599953,1.8305209527059983e-19,4.6856519228871705e-17
ENSG00000236882.8_5,123.25488837799679,-5.584030927130068,0.714833721286783,-7.811650123441532,5.644406621649669e-15,9.982389674324786e-13
ENSG00000145777.15_3,22.500904633419246,-1.600792673192377,0.37944598768994836,-4.218762946837144,2.456463748322925e-05,0.00123086356704429
ENSG00000248709.3_6,11.135465260492285,-6.884940169721104,1.1256600152345522,-6.116358471066859,9.573783502018634e-10,9.890785670888015e-08
ENSG00000129596.5_3,227.11553927200828,-5.197347064737814,0.6545735644700759,-7.940050357740062,2.020991856709173e-15,3.780420728886563e-13
ENSG00000164406.7_2,279.6718643080869,-2.179942444102418,0.4703606871806018,-4.634618716052257,3.5759597015382115e-06,0.0002192228572491314
ENSG00000145826.9_3,41.96080042819282,-7.691396737650988,0.9178861720368017,-8.379466835831808,5.3167993881771523e-17,1.1492557255288702e-14
ENSG00000170458.14_4,2195.168388481632,-1.5530835729731571,0.37551897514075716,-4.135832476617217,3.536701404751839e-05,0.0016891077527342623
ENSG00000164265.9_3,2.868694531112287,-4.928295658071404,1.541288084249196,-3.1975175234499478,0.0013861598901194344,0.036738902591803096
ENSG00000178776.5_6,48.52931791659232,-3.638514554773108,0.6403023855184332,-5.68249414193126,1.327444619001948e-08,1.199261963687178e-06
ENSG00000251320.1_6,7.426407408880722,-3.9167201517433186,0.9757887793297755,-4.013901609356006,5.972324969446897e-05,0.002630166759324381
ENSG00000173210.19_3,1027.3355476620397,-1.5392546116303163,0.44018714192880176,-3.4968186596401845,0.0004708417782918828,0.015276205517054246
ENSG00000211445.12_6,2187.551915574343,-2.3181759638329216,0.38700565308455265,-5.99003127049012,2.0980069445830818e-09,2.0823789336693507e-07
ENSG00000135077.9_4,550.46396953652,-1.3668869204657181,0.337510218752371,-4.049912697513299,5.123674405470912e-05,0.00231088010550304
ENSG00000253311.3_6,6.486746464048197,-5.7004126339307915,1.4379235051450918,-3.9643364988011642,7.360037138306689e-05,0.0031584300548959925
ENSG00000170214.5_5,39.01937428158507,-1.9250719163715648,0.5366025727600583,-3.587518983499843,0.0003338394342041342,0.011474403450542804
ENSG00000254211.6_6,68.75481801253859,-2.4394721639965673,0.5455700312826274,-4.471418927211605,7.770231662393756e-06,0.00043772805046392315
ENSG00000184845.4_3,46.213849311009305,-1.4410692517090917,0.42250100123622175,-3.4108067140493823,0.0006477098937453482,0.02006456731357007
ENSG00000160883.11_3,425.7427672440761,-1.5304615782900675,0.39876217208155645,-3.838031000535957,0.00012402482728462487,0.004913273707815149
ENSG00000131187.9_2,474.0503500791154,-2.1617838561324256,0.4877136185120234,-4.432486143667387,9.315269074770213e-06,0.0005138541906821731
ENSG00000054598.9_5,344.20402359644044,-1.436066120478254,0.40388538718508055,-3.555627824237613,0.00037707755715444874,0.012691465046509767
ENSG00000112799.9_3,101.61845884347369,-1.3758726195051847,0.33990011051082053,-4.047873410330605,5.168508533025774e-05,0.0023275038194787824
ENSG00000197977.4_3,86.30950472302331,-3.2355328501839247,0.5091311480810479,-6.355008650283688,2.084148926350021e-10,2.3391365315315368e-08
ENSG00000137393.9_2,580.118457995946,-1.0499728384428189,0.3123571299755141,-3.3614498843843488,0.0007753442535320481,0.023194210803584504
ENSG00000112293.15_3,197.6206593567876,-1.33397475782805,0.33461503925363895,-3.986595344917818,6.70281993237708e-05,0.0029042587408775068
ENSG00000124568.10_2,17.41285702895043,-2.798325646191655,0.689175835571419,-4.0603943170344445,4.898990842053653e-05,0.002226751585077378
ENSG00000124564.17_3,15.297759623339045,-4.236724450619815,0.6395773773526343,-6.6242562677195425,3.4900084402839466e-11,4.370898553473212e-09
ENSG00000112337.10_3,89.39589625264783,-8.30788723663815,0.9520497941916624,-8.726315878983998,2.631031489003465e-18,6.241961778911392e-16
ENSG00000237988.5_4,2102.3620739155604,-2.581824580035256,0.3992731645227547,-6.466311311257977,1.0042408492698765e-10,1.1961123356140517e-08
ENSG00000204482.10_3,164.26328298816313,-1.1173611555649792,0.3417925908868919,-3.2691204705918957,0.0010788235827847166,0.03004884489233933
ENSG00000204472.13_4,280.96166087226214,-0.930324849294684,0.2829085928006441,-3.2884291003145725,0.0010074815646240784,0.02848771272993724
ENSG00000204444.11_3,258.7436073317002,-2.293985200877719,0.3764487267623477,-6.093752051194778,1.1029445211260341e-09,1.1332754954570001e-07
ENSG00000166278.15_6,5670.195544461743,-1.0496458312871502,0.3233029399240826,-3.2466324974762863,0.0011677907622558508,0.03179460313110554
ENSG00000243649.8_3,16477.546544038705,-1.764874921670083,0.4422101261162968,-3.9910323564276293,6.578630330874286e-05,0.002856711483411348
ENSG00000244731.8_5,10131.8467470156,-3.0624432410418696,0.47697494660666984,-6.420553663937547,1.3577959367837817e-10,1.5477282512221692e-08
ENSG00000233627.2_6,61.99620445180346,-1.9059653230201532,0.5808074693359405,-3.281578532726717,0.0010322777429964405,0.028992200980153156
ENSG00000204338.8_2,30.01914508477142,-2.7740547137860405,0.6222484416883542,-4.458114360654989,8.268378845884227e-06,0.0004613375967528635
ENSG00000224389.9_4,9997.01897819208,-3.077529521383907,0.46915048591624753,-6.559791823243056,5.388294774273576e-11,6.634423198653047e-09
ENSG00000229776.1_6,59.866914488118724,-2.1874592883198543,0.6077198755156796,-3.59945326202091,0.00031888693924359506,0.011012354762209879
ENSG00000231852.9_6,33.68020657974813,-2.9206943080538874,0.6298896047433529,-4.636835226458322,3.5378421367595156e-06,0.00021734267661637773
ENSG00000242574.9_5,1287.7582602636733,-1.2021871027182491,0.31632488129358083,-3.8004822693745055,0.00014441475160902997,0.00558908072507043
ENSG00000204252.14_4,590.0633585107929,-1.1938542410490536,0.3543255304830221,-3.3693712090731163,0.0007533989029249464,0.022685293027088764
ENSG00000223865.11_5,1759.930405779923,-1.1828044519165815,0.3744949325823423,-3.1583990836952425,0.001586382233714591,0.04107561664775996
ENSG00000161896.12_3,55.83370989399035,-2.240176208162892,0.5732543464900682,-3.90782245591173,9.313170120831137e-05,0.0038768561668469817
ENSG00000095970.16_2,284.8948813027169,-2.4806610883055806,0.4674591431166446,-5.306690701922123,1.1163336212977778e-07,8.92485791865492e-06
ENSG00000171611.9_2,7.834821862121632,-2.556411676896726,0.7684653572060866,-3.326645310585093,0.0008789817743916551,0.025598370417687512
ENSG00000124713.6_3,52.221272118382124,-3.1310514443421873,0.4523071348665411,-6.922401180485564,4.440515501491745e-12,6.112202021180689e-10
ENSG00000137204.14_5,413.7641914698576,-7.098656670707356,0.6622147723379577,-10.719568585952045,8.238671135664512e-27,3.484241484200379e-24
ENSG00000146070.16_2,418.04827819773425,-1.1219177633813155,0.3344468721921732,-3.3545470347130695,0.0007949503747277116,0.02367086416829526
ENSG00000226733.4_7,2.9637134444092146,-4.569527819075899,1.3829877365098555,-3.3040985819640603,0.0009528232048509557,0.027152669864019277
ENSG00000170927.14_2,628.2529136378245,-2.838294285037713,0.6929905532641932,-4.095718580388284,4.208609258832989e-05,0.001971290959582752
ENSG00000244067.3_3,26.43285580799643,-4.554566995066997,0.9692484288435662,-4.699070805305468,2.6134784080246204e-06,0.00016295707996702232
ENSG00000243955.6_3,185.77871799765612,-2.8483455830454463,0.5864772381708758,-4.856702694769466,1.193565951299773e-06,8.043752430687915e-05
ENSG00000146147.15_5,30.037959045910736,-3.8770833855927895,0.6922154241063538,-5.6009780345447835,2.131457478723029e-08,1.896282338006607e-06
ENSG00000225096.3_6,16.019286021495216,-2.373222372432413,0.5295218894104851,-4.4818210916162755,7.4008776406661295e-06,0.0004193495348199579
ENSG00000213312.3_4,26.22885471681153,-4.200593597424673,1.0874923297383696,-3.862642045884827,0.00011216730482445398,0.004520931107848607
ENSG00000146250.7_3,38.9741401337106,-2.485456663363665,0.42624344590432806,-5.831073034074371,5.5072072031032086e-09,5.184058496572732e-07
ENSG00000235142.10_7,179.19082655727112,-3.3537591983972437,0.46856105752216315,-7.157571344346322,8.211885580550267e-13,1.2352115109589554e-10
ENSG00000256162.2_2,92.55686595751946,-1.9113081034705035,0.5433269779967491,-3.5177861230405156,0.00043516293917511507,0.014397380644069199
ENSG00000118520.14_2,361.6854627989456,-6.59287665720065,0.5775458480309075,-11.415330366720653,3.5056937850784584e-30,1.8944379693032315e-27
ENSG00000112299.8_3,1236.1466837356545,-2.480511117064871,0.6413036894432891,-3.867919611094369,0.00010976783688770197,0.004436475413047135
ENSG00000093134.14_5,79.5171499411586,-2.235688937282635,0.6183707056080328,-3.6154509212792068,0.0002998252761806703,0.010541206487021854
ENSG00000236700.6_5,19.419216796008087,-2.4268295073326307,0.582070051704482,-4.169308316457993,3.055254498466062e-05,0.0014836968898692755
ENSG00000118514.14_4,257.64746777634895,-4.526465877576105,0.5018119701798868,-9.020242932733314,1.8767265856453596e-19,4.762152912671064e-17
ENSG00000225177.6_7,129.40859158601708,-1.0600943629166644,0.342053224043685,-3.0992088026080857,0.0019403821680381518,0.04827134871740947
ENSG00000224893.7_7,5.347614069098279,-2.928751141767403,0.9215141911565972,-3.178194291388516,0.0014819540698935937,0.038924303972605725
ENSG00000285492.1_3,23.755069646113967,-1.8488058086552372,0.5955965301141052,-3.1041245460262177,0.0019084297607463421,0.047598195596870944
ENSG00000175003.15_6,456.9047357572662,-4.493699324997812,0.5684480967748233,-7.905206034629192,2.674908000077945e-15,4.909213229577013e-13
ENSG00000198670.11_2,464.2319890795606,-3.8795810546750267,0.7563405049946931,-5.129410667622842,2.9065065735545026e-07,2.180328234521695e-05
ENSG00000122194.18_2,3578.646127641135,-8.418400249477772,0.6098604477542774,-13.803814102844855,2.417175853574296e-43,5.877967381929294e-40
ENSG00000287558.1_1,33.749050147060856,-4.411505596124397,1.0642425027218936,-4.145207116650185,3.3950669736727765e-05,0.0016347064387397985
ENSG00000176381.6_5,13.493273574408002,-3.0313294056198257,0.7943448513506138,-3.8161377901118096,0.00013555682432788595,0.00530252505457378
ENSG00000187546.14_3,192.75814675475036,-2.0847858883558428,0.5501380700460837,-3.7895684772028324,0.00015090920815457278,0.0058172808496150434
ENSG00000136235.16_4,6338.155120375366,-1.538771131125828,0.4457664863708516,-3.45196684401631,0.0005565161074065244,0.017613553720422764
ENSG00000241644.2_5,649.4698994299052,-1.5943085976766527,0.4052242833311454,-3.9343856310155996,8.34097736679608e-05,0.0035173130135906995
ENSG00000164742.16_4,422.2802766415726,-1.2994892422765634,0.3996858522113764,-3.251276559044477,0.0011488804183037498,0.031420318169186244
ENSG00000146678.10_3,1185.3259728224468,-7.078834760969351,0.6659110173993632,-10.630301310548823,2.154153808123147e-26,8.730605871505771e-24
ENSG00000005471.17_7,562.5355601643006,-3.1703157131524162,0.5111383868082074,-6.202460615312781,5.558709870918146e-10,5.877127273306609e-08
ENSG00000005421.8_2,398.4028243696057,-5.126641600718884,0.6423291198675345,-7.981331442323735,1.4476316653415065e-15,2.779167080679638e-13
ENSG00000105852.11_3,306.12231214712693,-2.484573094540091,0.46635787521369243,-5.327610460961168,9.951325990213427e-08,8.021813362442487e-06
ENSG00000166448.14_4,48.19007685449146,-2.4101203972184693,0.6494815264691737,-3.7108374895908,0.000206574691998122,0.007679052340378596
ENSG00000160870.14_5,100.742193636133,-3.1747593537691707,0.4863395740690229,-6.527865555350836,6.671353692077371e-11,8.179696306239907e-09
ENSG00000160868.15_3,1548.2380401211865,-6.92906054770817,0.5820497800982036,-11.904584083064332,1.1202043474461178e-32,7.264151791738926e-30
ENSG00000160862.13_6,3564.0523114902226,-1.6651117858497257,0.3508148913318912,-4.746411361068575,2.0705739989608505e-06,0.00013163708031302087
ENSG00000214313.8_2,58.48482238488252,-2.04815599860888,0.48434317280681666,-4.228728954182658,2.350152732317649e-05,0.0011832596277794062
ENSG00000085514.16_6,233.7142427856219,-1.5168332679219312,0.3845333052612442,-3.944608300941385,7.993052360546385e-05,0.003385272292207606
ENSG00000106327.13_3,1485.4316372371425,-4.456210247297328,0.5417777396205314,-8.225163053798626,1.9492549846039658e-16,4.0341283479239946e-14
ENSG00000130427.3_3,26.30965057596556,-4.027601547637696,0.8343176343426181,-4.8274198960341455,1.383132939473594e-06,9.11088088189141e-05
ENSG00000160963.14_3,9.225143517131228,-2.1336593524167577,0.5875431240356074,-3.631494038703872,0.0002817851676368386,0.01000337345110777
ENSG00000189056.14_5,710.6916791023577,-2.4542769475428785,0.6250801937521456,-3.926339327456021,8.624845916607774e-05,0.0036317695338027624
ENSG00000170775.2_2,63.2576586129267,-1.6202606825937005,0.4977666366104446,-3.2550608325759027,0.0011336808002767838,0.031149116472249275
ENSG00000128604.20_5,586.1720349485873,-0.9319918682169674,0.29385166159720816,-3.1716406269448916,0.001515804580716731,0.039599546526315955
ENSG00000122787.15_6,94.83242535301322,-6.733328314098098,0.784402760312306,-8.584019147787364,9.16147133646053e-18,2.0564684236096515e-15
ENSG00000164733.21_4,40774.93999512491,-1.038106880839523,0.26300729909094755,-3.947064908189286,7.911511377651655e-05,0.003355607754524025
ENSG00000038945.15_6,1547.0664449053659,-1.9086473392196084,0.48898126841514594,-3.9033138128292544,9.488454766357155e-05,0.003938586038934113
ENSG00000003989.17_6,1127.7635396259598,-3.0229748220705304,0.5182851243021183,-5.8326482477015515,5.455449693786083e-09,5.151957201112352e-07
ENSG00000104760.17_3,1693.2636578427782,-8.709560195352111,0.6740056036514371,-12.92208870099583,3.378440547548507e-38,3.9434509447205195e-35
ENSG00000120907.17_3,126.74682491755935,-4.686242445707616,0.7270210420535471,-6.445814047514819,1.1498156936350132e-10,1.3421108702385329e-08
ENSG00000120885.21_4,5014.779956374059,-2.4470859589532448,0.466464889110315,-5.246023904651331,1.5541674597738605e-07,1.2126246161406692e-05
ENSG00000169495.5_3,36.71522908290879,-1.8918896155785327,0.3785848873590418,-4.997266607169941,5.814865039946442e-07,4.108561179919543e-05
ENSG00000183729.3_3,8.437519265811291,-3.0723024261928833,0.9765987793060023,-3.1459208134338907,0.0016556482557004578,0.04252946456830551
ENSG00000167910.4_3,5.960438585009113,-4.4142923633737325,0.9884047359049172,-4.466077713935984,7.966668081156531e-06,0.00044539738812445287
ENSG00000147570.9_3,34.5702341206495,-1.795491324744628,0.3516118481804543,-5.106458539540298,3.282525910567998e-07,2.4498053349433444e-05
ENSG00000147573.17_5,30.068517306643887,-5.155442536539901,0.7016035318287124,-7.348085211461759,2.010663111238877e-13,3.171522175624955e-11
ENSG00000169085.13_5,15.574043618099632,-2.2360409249280124,0.6930150137056407,-3.226540378932937,0.0012529655133093087,0.03372950797405806
ENSG00000253666.2_7,12.762065846113938,-3.356683906001884,0.7858476560217059,-4.271418105380426,1.9423385631952376e-05,0.0010014025019894034
ENSG00000147647.13_4,311.21353996246893,-7.983240838718705,0.71926014949737,-11.0992397455879,1.2651545939578019e-28,6.257368848522477e-26
ENSG00000164935.6_3,38.91738536378999,-2.440911222229621,0.6450009300505318,-3.7843530272714347,0.00015410894489656967,0.0059249711739483525
ENSG00000179577.3_7,14.527448202289486,-6.473034583445831,1.4110436747463795,-4.5874090924997715,4.487807420128482e-06,0.0002672626700546311
ENSG00000184374.3_3,199.92211932992086,-3.9168501881824604,0.49679932672706745,-7.884169678704712,3.1663380116541455e-15,5.738938479383828e-13
ENSG00000280303.2_5,37.71477766881126,-0.8840972710166655,0.23703652337532782,-3.729793444602502,0.0001916368053972063,0.007169427715763945
ENSG00000180155.20_5,201.2667027373699,-1.4344710808868024,0.41027877511860633,-3.4963326593536683,0.0004717002490163541,0.015276205517054246
ENSG00000147872.10_4,5730.895366654902,-1.108669407716849,0.3504152044050634,-3.1638735813394656,0.0015568440373835033,0.0404543774308887
ENSG00000234840.2_6,20.743684238567944,-3.0998105681564776,0.9336040968874473,-3.320262387976841,0.0008993287913903259,0.026086792705329126
ENSG00000137101.12_2,194.66512116015844,-1.2220857240467822,0.3352139558526792,-3.6456886794530354,0.0002666766658349223,0.009529788529049312
ENSG00000236801.1_4,225.5398632874284,-0.6719938375029572,0.19944215874757598,-3.3693670471821675,0.0007534102801014959,0.022685293027088764
ENSG00000165092.13_4,1927.1489230907305,-1.3168779682005407,0.39935243153591987,-3.297533367045729,0.0009753808466949918,0.02763358105573452
ENSG00000135047.15_3,2787.178231356368,-1.0882769393705487,0.3267810161515711,-3.3302942508317934,0.0008675425205598063,0.02531575829245571
ENSG00000165140.10_4,1371.5625033551999,-1.1618221971139029,0.297253682912551,-3.9085207817448606,9.28629604157161e-05,0.003876729682247513
ENSG00000136881.11_2,707.5888687164696,-2.3753451901916396,0.7169581967047313,-3.3130874311907625,0.0009227213014393854,0.02652801014512582
ENSG00000136872.20_5,8392.640267235827,-3.1393708249017855,0.6082995787463187,-5.160895937774451,2.4577077467313524e-07,1.8676658790981144e-05
ENSG00000106927.12_3,5180.05931221852,-7.479741509851304,0.5638128000058349,-13.266356332764875,3.6279674395622476e-40,5.881539880770331e-37
ENSG00000229314.5_2,8621.888467312197,-8.758450406325787,0.6144128540801291,-14.254992141136986,4.173492696359037e-46,1.739809862463615e-42
ENSG00000228278.4_3,2345.1021354533655,-8.109996090113944,0.6082649585788168,-13.332999009284666,1.4879371558380811e-40,2.71371838403194e-37
ENSG00000106804.7_2,1600.8873252932046,-3.7156917380637795,0.478112826404597,-7.771579286014431,7.751353563414256e-15,1.3626039056264542e-12
ENSG00000106689.11_5,20.959271691741478,-3.8184544432763516,0.5739562606145145,-6.652866612497733,2.8743868239826416e-11,3.662772135835697e-09
ENSG00000197859.10_5,1000.2752062491605,-1.878583897463262,0.37442529400372887,-5.017246237228175,5.241736814881669e-07,3.739831833620097e-05
ENSG00000196990.8_2,43.301980993101026,-3.6233013534225393,0.6971801508231795,-5.197080480768721,2.0244273324759998e-07,1.550520052204256e-05
ENSG00000123454.11_3,72.74121462723852,-3.2315675143748694,0.4590413854444403,-7.0398173603586764,1.9249197683640406e-12,2.794581281623436e-10
ENSG00000225756.1_6,118.41412676730876,-2.0947245880350174,0.4667654768649275,-4.487745327920189,7.19809012274539e-06,0.000409449255110786
ENSG00000123453.18_4,319.1322178269118,-2.391630335166819,0.39946227953901214,-5.987124336061995,2.1358351035381245e-09,2.1127391239439325e-07
ENSG00000160339.16_3,75.75562390527267,-8.53674842511546,0.9545748416683877,-8.942984931590166,3.7879740809392994e-19,9.44759586802476e-17
ENSG00000176919.13_5,219.48766801293732,-4.2979383715380175,0.5078807145980578,-8.462495716025467,2.617153584086291e-17,5.699340204270304e-15
ENSG00000151631.8_4,5.034996287960092,-3.9755919773140183,0.8446178585558709,-4.706971249828286,2.514243508602522e-06,0.0001571052244636621
ENSG00000187134.14_4,985.9679174832213,-2.1956722425312094,0.4526568280695768,-4.850633209036047,1.230679474709145e-06,8.236802236579716e-05
ENSG00000225418.1_4,3.1471086667919317,-3.349830394188384,1.0551830622919391,-3.174643826173909,0.001500205224120944,0.03926232165477423
ENSG00000198610.11_4,138.55776868615976,-4.7150251176505975,0.6732193459178625,-7.003698194712698,2.4929283178240598e-12,3.5485922557279943e-10
ENSG00000223784.2_5,4.219924876562211,-4.401966527173576,1.1722348616173217,-3.7551916184272347,0.00017320891001105853,0.006589842507213428
ENSG00000151655.19_5,3327.575781236047,-8.057274028148967,0.5665696285761977,-14.221154156104483,6.772665051396244e-46,2.4704142358099223e-42
ENSG00000077420.16_4,424.87978267269614,-1.036103027700831,0.30824467529593613,-3.3613006508745062,0.0007757633303964387,0.023194210803584504
ENSG00000229656.7_6,52.70275115751653,-1.5807080008920757,0.3615157856243542,-4.37244530874944,1.2286260114251187e-05,0.0006627086070128723
ENSG00000107562.16_2,1365.5202704676678,-1.7252537829763632,0.4246652779076155,-4.062620309993148,4.8524923644487986e-05,0.0022090574054131106
ENSG00000107551.21_5,1642.1043163177849,-1.3556466453832334,0.24839369779915518,-5.457653142550239,4.8246897831396526e-08,4.080848480052122e-06
ENSG00000263761.2_2,56.48694448270418,-9.227844762289136,1.1884071838229997,-7.764884702736299,8.171952794475748e-15,1.4279386496742321e-12
ENSG00000165471.6_2,410.5865502140443,-9.544300581573546,0.772750387364976,-12.351078352893401,4.8062835302307214e-35,3.690846307780597e-32
ENSG00000237949.2_5,6.639620858820434,-2.7242122664317745,0.7346341219705786,-3.708257192198427,0.00020869063672009633,0.007689143270365064
ENSG00000138315.13_3,359.6632981187367,-3.017048253408593,0.5022526044428675,-6.0070335658195475,1.889484106341798e-09,1.8947434950914093e-07
ENSG00000177791.11_2,17.78768799804385,-2.497266166618661,0.3613868531437197,-6.910229702311624,4.838695660300195e-12,6.629013054611267e-10
ENSG00000151224.13_4,2032.7376040121183,-5.345353064471121,0.5616843890784656,-9.51664879495946,1.7885379024004044e-21,5.493823634731179e-19
ENSG00000185737.13_3,17.708485342680703,-2.983319296634255,0.590635383340939,-5.051033820153238,4.3942525182385563e-07,3.158341939278801e-05
ENSG00000287475.1_1,13.498534486198029,-1.5553340449844648,0.44251774045977066,-3.51473828680516,0.00044018756146935656,0.014530671076060285
ENSG00000107798.18_4,3791.094319178652,-1.2049530376505655,0.2792577139079767,-4.314842447101144,1.5971677104930247e-05,0.0008323855923300432
ENSG00000148677.6_2,14.873643610760249,-2.269698958332636,0.6617102161922307,-3.430049745028079,0.0006034706028610936,0.01885425659752631
ENSG00000138207.14_4,4981.739870689219,-3.8884580968876548,0.5859751230956295,-6.635875728555577,3.225815387471938e-11,4.057436156112872e-09
ENSG00000138109.11_4,1091.4191176058446,-5.296494735677781,0.572450148861764,-9.252324846467609,2.196619525565214e-20,6.1634186899537025e-18
ENSG00000233377.1_4,111.02418113639479,-4.239312058883078,0.7443585332753749,-5.695255537985144,1.2318727608490283e-08,1.1198529294185513e-06
ENSG00000138115.14_3,1015.7898280894992,-6.14418044166556,0.5877800298515217,-10.453196994830927,1.4166758898903153e-25,5.663016320943738e-23
ENSG00000155629.15_4,2493.0619358172976,-1.4650368588930456,0.4559594129095342,-3.2130861155918717,0.001313169100287102,0.03505909196292582
ENSG00000241935.9_4,80.13988318153012,-1.8389829490639642,0.4848340330875604,-3.7930153899320973,0.00014882892866714632,0.0057446785283544926
ENSG00000120057.5_3,71.04709304856529,-2.975747362211884,0.6924479440356497,-4.29743114676456,1.727889075371903e-05,0.0008971802688332296
ENSG00000138131.4_3,240.13028602721357,-1.6257885162669106,0.4445574773433084,-3.6570940747250087,0.00025509077803938284,0.0091672462979892
ENSG00000120054.11_2,149.33139628644142,-3.146853915453327,0.7681914160534116,-4.096445039206907,4.1954303480923224e-05,0.001968277379223184
ENSG00000119927.14_3,1451.7497447811552,-1.229169706434555,0.29835873533112167,-4.119771137487929,3.7924890800819005e-05,0.0017994898186320313
ENSG00000148702.15_4,818.3918972277194,-7.4880852597143726,0.6654129735024874,-11.253290148972999,2.2311111513079644e-29,1.1422114825669775e-26
ENSG00000188613.7_4,46.83450439202142,-1.0736382593379306,0.3306984227762336,-3.2465781067979433,0.0011680139322348493,0.03179460313110554
ENSG00000171798.18_3,138.0416871767317,-2.0263397740098044,0.5714275613991256,-3.546100872433181,0.00039097651456424236,0.013083813843462334
ENSG00000130649.10_5,7860.664693290531,-7.529761124205489,0.6033032899345127,-12.480888551134587,9.492141217612554e-36,8.146769790327998e-33
ENSG00000184956.16_5,324.6793088234168,-3.1769563436654678,0.602199370842149,-5.275588945273449,1.3233040802139162e-07,1.0464860803447775e-05
ENSG00000205866.4_3,96.29969086024639,-7.687126953452109,0.9175301153335984,-8.378065008424493,5.380492624842858e-17,1.1544717300407311e-14
ENSG00000205865.4_5,14.680511505159037,-7.2841981746843,1.1977115449227291,-6.081763347412871,1.1886792844625058e-09,1.2170824631543993e-07
ENSG00000244242.2_4,323.58083148054266,-1.7313553394941863,0.46367365289542606,-3.7339955131862212,0.00018846585243971733,0.007059848575151979
ENSG00000117984.14_5,31182.746552526834,-0.9970061965654116,0.2729762513452116,-3.652355073572229,0.0002598462503448333,0.00931520077556828
ENSG00000284779.2_3,30.265221153463003,-8.327662440892752,1.2604039913923895,-6.607137471607848,3.9182216966530936e-11,4.885375382866028e-09
ENSG00000110169.11_3,5292.741663739921,-7.428742023869607,0.6094641223674911,-12.18897347888555,3.558758428796708e-34,2.5328812124565057e-31
ENSG00000148965.10_4,440.3771161155093,-5.422833106766008,0.9357177010128609,-5.795373007153868,6.816949567581314e-09,6.335203991451922e-07
ENSG00000134339.8_5,2490.3565826612075,-5.3512678600396715,0.7338047488418394,-7.292495542561631,3.0426563804000246e-13,4.722752970024102e-11
ENSG00000173432.12_4,3318.4854161768185,-4.951516073108121,0.7244195068196012,-6.835150111910465,8.191920338294204e-12,1.0965524192282712e-09
ENSG00000151117.9_3,394.65042192340206,-0.9919281336314912,0.3190790520021278,-3.108722203502336,0.0018789829567055476,0.04698423449839296
ENSG00000134343.13_5,14.907149364001516,-2.6075193173176134,0.6405097415829036,-4.071006493786656,4.681044437339978e-05,0.0021477603416040552
ENSG00000110436.13_5,307.8329539623912,-4.105545218277084,0.5293327530478166,-7.756076295369945,8.759733752936118e-15,1.5215344681216005e-12
ENSG00000148948.8_4,41.55353748562143,-1.5819160276399473,0.4819722609482339,-3.282172348524125,0.0010301062287080879,0.02895908464347853
ENSG00000255226.2_7,3.7541914185486727,-5.315488888286168,1.6058221264807393,-3.310135537822859,0.0009325080473962954,0.026756654209509633
ENSG00000180210.14_3,1995.596343010275,-7.529265150796171,0.584720815220322,-12.876683974315425,6.089622934805095e-38,6.581529142983241e-35
ENSG00000066336.11_2,684.6874010421792,-1.0920636910964743,0.30097540063344913,-3.628415109002456,0.00028516648595670055,0.010098838867357377
ENSG00000134802.17_5,1446.424404741593,-0.9620400197763196,0.3059644189451398,-3.144287244553151,0.0016649192659776114,0.04272999920887659
ENSG00000149131.15_4,8348.579644875696,-2.0269811077352813,0.44012748910622795,-4.605440827728111,4.115930132535516e-06,0.00024866864844206806
ENSG00000149124.11_4,80.4626840885931,-7.055126335358015,0.7794201856221795,-9.051762406854003,1.406791321940149e-19,3.698340321219413e-17
ENSG00000166840.13_5,233.96221458890417,-2.6260163739677256,0.3574951821883483,-7.345599338970097,2.0483912608314027e-13,3.213661579694686e-11
ENSG00000110077.14_6,921.6719248806637,-1.0198469461148385,0.32347163695917813,-3.152817216687046,0.001617030235525619,0.04175801708218857
ENSG00000110079.18_5,301.87709525007836,-1.339927878151662,0.37655249453350287,-3.5584092459980905,0.0003731076628354363,0.012616054124218849
ENSG00000166927.13_4,463.4905296297022,-1.1734987264847334,0.343273272483853,-3.4185554791188495,0.0006295448225579629,0.019605920455777925
ENSG00000184999.11_3,45.19474170612046,-5.077816134455229,0.8139963657023176,-6.238131210910357,4.4282915723636723e-10,4.785999124931271e-08
ENSG00000196600.12_4,28.889555751048103,-4.887367914156613,0.8541919995507485,-5.721626890356105,1.055088132317067e-08,9.651575795970012e-07
ENSG00000256863.1_5,4.662566409730584,-5.219522505952148,1.4990913754303652,-3.481790764391334,0.0004980727107942361,0.01598928467952322
ENSG00000256847.1_4,6.526215576708515,-4.249173426702862,0.9597252927052359,-4.427489260729453,9.533631758377018e-06,0.0005249073742286788
ENSG00000149742.9_2,43.227029856676936,-5.697296490382376,0.8825463548544282,-6.455520958241472,1.078472533739358e-10,1.2793051628881386e-08
ENSG00000173599.14_4,1557.3813318330037,-1.5287755963919545,0.34025374431731353,-4.493045622346628,7.021173556064107e-06,0.000400165753006849
ENSG00000173227.14_4,202.76105020385356,-4.054078103961241,0.4752507134521667,-8.530398775233564,1.4584409872661486e-17,3.1999072518356e-15
ENSG00000285094.1_3,24.33215822259071,-4.693283173439797,0.970825170418057,-4.834323744839427,1.335990136934505e-06,8.840255824463899e-05
ENSG00000151365.2_3,119.43421482547255,-5.617995643824175,0.5681273715448774,-9.888619920824215,4.664132388555769e-23,1.6202862765529274e-20
ENSG00000134612.12_4,13.124071997289942,-2.14765560166652,0.5695839637494045,-3.770568938649768,0.00016287580014271303,0.006229198851853878
ENSG00000075239.13_2,1224.1880377608293,-0.821775527620266,0.2653287201006882,-3.0971977979180494,0.0019535947291090794,0.04851731726819748
ENSG00000254990.5_6,10.576503318162265,-2.93594810031356,0.7545213851625414,-3.8911396788059074,9.977447247717927e-05,0.00410651464225186
ENSG00000166741.7_3,2988.7386480298305,-1.9872033679208025,0.4663123217680111,-4.261528754776139,2.0303322374735222e-05,0.0010376028900475455
ENSG00000110243.11_2,477.65094531652807,-8.337498112772815,0.7037455562411717,-11.847319018687454,2.2218587546490027e-32,1.350751256654428e-29
ENSG00000110244.7_3,84.52523806057955,-9.05650047355486,1.0564215926341085,-8.57280893982217,1.0099097587487794e-17,2.249631806873903e-15
ENSG00000110245.12_3,2826.5819422434747,-8.108497667405414,0.7347396479063143,-11.035878750399648,2.565314188016439e-28,1.227187431483733e-25
ENSG00000118137.9_2,5621.682548161191,-7.892798703036452,0.6904651723355828,-11.43113225586469,2.9227265425816035e-30,1.609209117718373e-27
ENSG00000137731.14_5,53.36062997420079,-2.861474265478956,0.5613260610945238,-5.097704282426149,3.4379732426676437e-07,2.5436474550773323e-05
ENSG00000172425.10_3,13.667459467085662,-4.2985290438745345,0.6686211237905575,-6.4289459170916485,1.284918296614447e-10,1.4820237475694139e-08
ENSG00000165478.7_3,20.7633421750181,-5.814051056539777,0.8392736633851604,-6.927479450611077,4.284047471574983e-12,5.924776742560644e-10
ENSG00000120457.12_3,158.00225989659154,-2.3618846128883084,0.5057051195239949,-4.670477955832205,3.0049973114636897e-06,0.00018538863963175883
ENSG00000111181.12_2,139.82394836553595,-2.383800522213584,0.4710992725564878,-5.060081093476431,4.190782049510212e-07,3.0270101729395415e-05
ENSG00000010610.10_4,2020.244732149571,-1.1035333624607255,0.3359272956741105,-3.2850363059847463,0.0010196923128363627,0.02877721603566528
ENSG00000177575.12_3,2307.436894016318,-1.9143905346791892,0.44711793983567066,-4.281623178400727,1.8553497363887234e-05,0.0009599461109496336
ENSG00000171860.4_3,572.2128211366039,-1.20349706706771,0.35283264685038407,-3.4109572280539098,0.0006473524556599816,0.02006456731357007
ENSG00000126838.10_4,254.22411432918832,-4.500650588135277,0.6003546220220778,-7.49665351617759,6.54677317359966e-14,1.067270323903976e-11
ENSG00000165682.14_6,18.985170649336272,-3.1051752753205237,0.674476407879717,-4.60383082201785,4.14789455777713e-06,0.00025008204770763314
ENSG00000111339.12_5,105.16921895146542,-4.651423674474246,0.4306569787834609,-10.800762332039284,3.413575120308863e-27,1.5154444528103521e-24
ENSG00000139144.9_4,81.32763595412457,-4.031098277585931,0.8356664403011966,-4.8238125682455495,1.4083977503370353e-06,9.214900168741037e-05
ENSG00000134538.2_3,396.2079893032833,-4.478525908904109,0.8798700829424483,-5.089985437312619,3.5809101402836096e-07,2.618910746957795e-05
ENSG00000111713.2_3,103.82602024900947,-6.579174749122348,0.7147536898695738,-9.204813969303043,3.4226356741807086e-20,9.422257698893138e-18
ENSG00000139209.16_4,809.0020226592605,-2.347622315435615,0.5385303770576296,-4.359312706299555,1.3047156435363577e-05,0.0006985854531015496
ENSG00000135480.16_4,859.6997270546948,-3.4198474403727754,0.6568415415473795,-5.206502975308686,1.9243261028019686e-07,1.4777305264701117e-05
ENSG00000205426.10_2,44.603017498597474,-2.9304580767069246,0.8270905250428995,-3.543092307283931,0.00039546425380805155,0.013203709828801776
ENSG00000167780.12_4,8.341550598654033,-2.726145897709363,0.760705862578798,-3.5837056499968467,0.0003387538211225157,0.011611849409835213
ENSG00000161642.17_3,501.170706979551,-1.0376504441183447,0.29076856897425496,-3.56864721582139,0.00035882920963019186,0.012161434571682495
ENSG00000135447.17_4,70.41227129560615,-3.7866886518685585,0.5960369808997487,-6.353110248549269,2.1100437240168574e-10,2.359125896955399e-08
ENSG00000257727.6_4,1232.158043679132,-0.5815274024184033,0.18528789765781475,-3.1385072083464087,0.001698107584125925,0.04327727284923897
ENSG00000175336.10_3,319.2521503955731,-6.7638387626359195,0.6277821970847487,-10.774180590092174,4.558225675782561e-27,1.956082109485455e-24
ENSG00000025423.11_4,402.244644718724,-3.3133203713981496,0.48852419917384254,-6.782305517313987,1.1827302222481389e-11,1.554650928622655e-09
ENSG00000139547.7_2,317.22550266106856,-4.157401186998247,0.5134145451113304,-8.097552409810952,5.607594826293975e-16,1.1149871213667038e-13
ENSG00000182379.10_3,107.9030785264854,-2.2148406990079215,0.5439440459828034,-4.071817157233747,4.664779119252391e-05,0.002143668023289827
ENSG00000175189.4_3,407.05501985982283,-7.506615430752474,0.6417596137387646,-11.69692712045312,1.32152758726381e-31,7.870101331417396e-29
ENSG00000139269.3_3,323.0492983140755,-5.637742279509101,0.5858532598796472,-9.623130339271768,6.385761910319535e-22,2.0861630831230535e-19
ENSG00000257259.3_6,3.5150030734084066,-3.2059234362615694,0.9195069996090649,-3.4865677342582395,0.0004892614686409036,0.015758431475066455
ENSG00000166148.3_2,221.4203138520201,-2.1908819038164453,0.6376270456057214,-3.4359927467242097,0.0005903867782695411,0.018485060704596008
ENSG00000111058.8_5,404.18823803137093,-1.8017617640118477,0.4297344823860082,-4.192732577585939,2.756142774531172e-05,0.0013608629831403406
ENSG00000139344.8_4,111.37192478125031,-3.3033258887218406,0.4639613949255,-7.119829203143654,1.0806088772640064e-12,1.6170896229456908e-10
ENSG00000084110.11_3,228.57641341885179,-3.196476195927791,0.5372805804887945,-5.949361119696111,2.6919113757211395e-09,2.6448709042060124e-07
ENSG00000012504.15_5,179.62877268905214,-2.653999302384678,0.7282627820535985,-3.644287979265909,0.00026813306522039136,0.009565270142049193
ENSG00000151572.18_5,45.52985565150972,-1.8616071807370604,0.5823845327012221,-3.1965257938814657,0.0013909338959056624,0.03683198005120066
ENSG00000171759.10_5,848.4201532076934,-2.579493236371911,0.6529995132467865,-3.950222295796796,7.807864262607758e-05,0.0033164670603661856
ENSG00000136011.15_5,230.683667075865,-2.273854684178458,0.5593588308760516,-4.065109118983985,4.80099945143212e-05,0.002192456416154001
ENSG00000110887.8_5,80.63068455870004,-4.725946832597025,0.7108856146841054,-6.647970833812812,2.9716116981464843e-11,3.770200041896198e-09
ENSG00000111249.14_3,114.4204526732179,-6.182004320965589,0.6157010558545479,-10.040593989863181,1.0106372788696058e-23,3.640914374653576e-21
ENSG00000135144.7_2,418.9233876552998,-1.3963983832007678,0.4326541612417835,-3.2275163590080616,0.0012486990076507102,0.033676789040901454
ENSG00000135094.11_4,581.9959644160834,-2.3840445620878303,0.46929511589852163,-5.080054066881331,3.7732746364203537e-07,2.7390031633179685e-05
ENSG00000089220.5_3,8274.07657888161,-0.6481353953628557,0.18501095664538786,-3.5032270905184415,0.00045965740499989986,0.015071081725058513
ENSG00000158104.11_3,877.6037851605347,-7.710851698485378,0.6090043071860276,-12.66140749334636,9.674902771146353e-37,9.410777925494059e-34
ENSG00000151948.12_4,71.82741104135602,-2.203485048987444,0.5317935438556994,-4.143497179396659,3.4204927988197035e-05,0.0016416677691177264
ENSG00000204583.10_3,16.31483035508681,-3.0227562556626735,0.7404807532446648,-4.082153712189618,4.462026790931239e-05,0.0020733503787605813
ENSG00000132965.9_2,456.16850713222254,-1.3071197879721523,0.3057679926007602,-4.274874478699451,1.9124500882485013e-05,0.0009877381597376905
ENSG00000080618.16_5,509.7536474259146,-7.923591752015191,0.6076956349771724,-13.038750479609476,7.365423535935672e-39,8.955434341755786e-36
ENSG00000102452.17_4,137.9900489544423,-2.3707727626893655,0.5599364866429072,-4.234002997202962,2.2956788186389638e-05,0.0011590000623997163
ENSG00000275830.2_7,4.370812546811627,-3.4579814302900322,0.8981604359111309,-3.8500709806729723,0.00011808359886077691,0.0047073736316343325
ENSG00000057593.13_2,374.60419192500365,-2.4872055639328248,0.6832748251303271,-3.640124694274252,0.0002725060408913909,0.009685747599575734
ENSG00000126218.11_3,474.83972352533993,-2.1998602893844823,0.4798599302780487,-4.58438004629768,4.553353941942355e-06,0.00027061389283059034
ENSG00000126231.14_3,49.16051876878146,-2.290928979151164,0.564424316869369,-4.058877179243464,4.930923840866916e-05,0.0022343057236077248
ENSG00000169413.3_3,165.61658949877267,-0.7438692180512329,0.22532026231797916,-3.301386259711791,0.0009620833377625216,0.02736311294273698
ENSG00000100557.9_4,134.26337890227495,-2.2852559103663324,0.6094034684847582,-3.7499883550851316,0.0001768427824743186,0.006701596541334852
ENSG00000100652.5_3,198.6135933371995,-3.9816559189780913,0.5016288010002463,-7.9374547694204995,2.0637226375698495e-15,3.8357637125430434e-13
ENSG00000119686.10_4,277.775678319429,-1.066021199659735,0.28452700443656487,-3.7466433169348043,0.00017921663056621602,0.006765485765268758
ENSG00000100593.18_4,152.45273399509537,-3.139225455040877,0.6823198477633479,-4.600812163578846,4.208468076536642e-06,0.00025313333353861177
ENSG00000140093.10_3,780.7393876867028,-3.8869438016196174,0.7127207109522713,-5.45367033943246,4.934063625352226e-08,4.1568251450962685e-06
ENSG00000170099.6_4,713.3088787107739,-3.948512025581309,0.561654826326973,-7.030139937376135,2.0632650119354726e-12,2.966773557169387e-10
ENSG00000197249.13_5,83842.24889966063,-3.9790368053426146,0.562163812893656,-7.078073533159498,1.4617216358039212e-12,2.1652029976849858e-10
ENSG00000186910.4_3,452.5137641569616,-8.797229312205552,0.7311488821392819,-12.032062863127928,2.4106134960899058e-33,1.5987298279408988e-30
ENSG00000100665.12_4,321.16594235513537,-3.9814874004984913,0.5282764128344193,-7.53675027650048,4.8182775872921174e-14,8.034409044272644e-12
ENSG00000188488.14_5,437.1056246071679,-4.479898629060798,0.4693755403701849,-9.544380232356403,1.3692383747265828e-21,4.2963166680533775e-19
ENSG00000196136.17_3,13373.567005085204,-5.04285265723218,0.6696847333572441,-7.530189066654539,5.066690497077992e-14,8.400630420183687e-12
ENSG00000140107.11_3,733.3512825656484,-7.3865490698018945,0.6342904328958366,-11.645373612335275,2.4225765429003874e-31,1.4138641219675242e-28
ENSG00000185559.16_5,8.581843492278459,-6.115100213249663,1.4319415646199232,-4.270495643355935,1.950390312256209e-05,0.001003780241656939
ENSG00000258460.2_7,3.963701697797631,-3.1836565432147146,1.0162067382110076,-3.1328827329165496,0.0017309858484646737,0.04403827205235192
ENSG00000268531.3_6,4.245720792421207,-2.309257672165413,0.6431509051060822,-3.5905378564063755,0.00032999629516665174,0.011382531783992985
ENSG00000171766.16_4,2201.157961830941,-2.9019503760157876,0.48423403395482245,-5.992867441214449,2.0617290607603705e-09,2.0533554853941423e-07
ENSG00000169856.8_2,76.18284250038631,-6.678689813395849,0.7656125238203491,-8.723328845340314,2.701402853487841e-18,6.357228763518443e-16
ENSG00000259203.2_6,9.291263181351434,-3.6720897735019173,0.9006544608237742,-4.077134942676327,4.5594034359542254e-05,0.002105189108616776
ENSG00000128849.10_2,908.5814016148981,-1.472484770610805,0.30169882013207205,-4.880644776688912,1.0573955452043472e-06,7.209312945001882e-05
ENSG00000103569.9_3,765.2413833822313,-3.389390201658024,0.5088007334782431,-6.661527742870204,2.709956293503967e-11,3.4683874824885644e-09
ENSG00000166035.11_4,262.29654133000884,-4.520623549134009,0.6235634475597409,-7.249660907522819,4.1781632863013526e-13,6.383402243851297e-11
ENSG00000103647.12_4,100.74561833129378,-1.4338292630038711,0.3933085492376595,-3.6455583428914218,0.0002668118717053318,0.009529788529049312
ENSG00000140465.14_4,10.840890216525482,-4.628458863446835,0.9740523669236075,-4.7517556762015785,2.0165795563742414e-06,0.00012848429701868284
ENSG00000140505.7_3,342.90615935423403,-7.997032330168463,0.9148876009896373,-8.740999792234636,2.310564434739423e-18,5.572279402490174e-16
ENSG00000182950.3_3,19.148722139793954,-1.8040393548714535,0.5623724136452513,-3.207908693774327,0.0013370393939451254,0.035566222930458254
ENSG00000103876.12_4,878.0391935435414,-0.932908229235647,0.2518680575282056,-3.7039561046012146,0.00021226300378101123,0.00781090379991638
ENSG00000259417.3_7,84.27950263247781,-3.517497998270258,0.5193926990565317,-6.772328538040168,1.2672595322302615e-11,1.6508884111612168e-09
ENSG00000103942.13_5,239.0104838447542,-2.4181031118979535,0.4168753258599264,-5.800542660830102,6.610065416339852e-09,6.162566099495631e-07
ENSG00000136404.15_4,42.91741096688214,-1.2425619813018773,0.3553682549713714,-3.496547493815897,0.0004713205855931583,0.015276205517054246
ENSG00000156222.12_3,79.58508015243261,-4.448765830672369,0.6834722258859841,-6.509066004701858,7.561949313073881e-11,9.156234145427756e-09
ENSG00000166819.12_4,87.69060963206074,-1.5237077981171478,0.4519742791585139,-3.3712267896172947,0.0007483422471593329,0.022605978379251025
ENSG00000166825.14_5,5437.642548518447,-1.9800299641992691,0.5118064694407329,-3.868708354474124,0.00010941341826159591,0.004428284269475216
ENSG00000248441.7_7,41.31891776936443,-1.4291292206746196,0.43508768245994367,-3.284692438532071,0.0010209375151213962,0.028784519448074843
ENSG00000259134.7_6,37.53719713460332,-3.4720750062295997,0.422071938327342,-8.226263560636903,1.9314377784416698e-16,4.025806129479026e-14
ENSG00000283597.2_2,22.975099165678277,-2.1650527437325593,0.5473067209923674,-3.9558307265200794,7.626915314896646e-05,0.003263358002991188
ENSG00000099769.5_3,97.58237932433761,-2.0764554223074447,0.5543909845061574,-3.745471121174739,0.00018005555976496548,0.00678837375904581
ENSG00000213937.4_4,145.14835491921434,-2.2768573567534287,0.6353740486029916,-3.5834912706296334,0.0003390320995572325,0.011611849409835213
ENSG00000183044.12_5,2757.8546300622706,-1.1847475706457848,0.36158966562054023,-3.2764973208307446,0.0010510330987180147,0.029433970109107855
ENSG00000283003.2_7,5.913743011203002,-2.655986127198103,0.8170530941163089,-3.250689760952082,0.0011512541038421304,0.03145575468559664
ENSG00000183549.10_3,239.88557986782115,-5.375105567442263,0.5510154283436243,-9.754909374498023,1.7575758547884605e-22,5.895151841216329e-20
ENSG00000183747.12_3,321.1056664584254,-8.431966733540445,0.7894246398912738,-10.681154739104377,1.2471062284627667e-26,5.1988295503959994e-24
ENSG00000280306.1_5,5.604221332074391,-5.495150197077902,1.417539912841746,-3.8765400164724535,0.00010595239112808197,0.0043061235731316995
ENSG00000066813.14_2,405.17264971143703,-8.871631598727562,0.8921673164900996,-9.943910110526907,2.6809252436898e-23,9.540497504403908e-21
ENSG00000155719.17_4,18.11070235465307,-2.033892875460729,0.5190053789347837,-3.9188281239688276,8.898053556881592e-05,0.0037306623684391052
ENSG00000122254.7_3,127.51651115218473,-3.266149025493036,0.5022283909226934,-6.503314198332099,7.856945013263334e-11,9.474112083968486e-09
ENSG00000155666.11_4,261.50159738074046,-0.8184181378398486,0.23056702982526983,-3.549588761498419,0.00038583336792909835,0.012926525269275567
ENSG00000175938.7_5,1062.247142144983,-0.6474849752666798,0.19719927867103998,-3.283404379722852,0.0010256143141701946,0.02888846650752939
ENSG00000140678.16_2,2348.3641113802632,-1.378303813211611,0.334106968610247,-4.125336921120832,3.701924183285946e-05,0.0017622487698608026
ENSG00000156886.11_3,37.06481736701284,-3.5675518890611433,0.6434871350617329,-5.544092017813052,2.9548342410086906e-08,2.558605874981442e-06
ENSG00000260850.2_6,2.903745535559411,-4.73629884477753,1.086424136972724,-4.359530208869467,1.3034196056736522e-05,0.0006985854531015496
ENSG00000177508.12_3,44.09683438326743,-2.205409224412642,0.6944985121881134,-3.1755420432279924,0.0014955684767254955,0.03917610746797728
ENSG00000198848.12_3,2772.770828357199,-2.0083053628156002,0.6198780412304663,-3.2398394994426436,0.001195969979737052,0.03246474416623899
ENSG00000125148.7_3,2866.7673131842907,-2.1378922789999595,0.5037419834470153,-4.244022434601836,2.1954838840192756e-05,0.001114198525557678
ENSG00000260549.1_4,49.173583303662085,-1.427103942835539,0.45066751771441843,-3.166644780775779,0.001542085610902029,0.04017821447476081
ENSG00000087237.12_4,84.46045672268737,-1.4675920505166054,0.4556029586945005,-3.221208340529419,0.0012765131559402077,0.03426856522860276
ENSG00000198650.11_3,1164.7654839791294,-7.953231096310294,0.6435456903494582,-12.35845599710493,4.3849818388489544e-35,3.4583285145797656e-32
ENSG00000102967.12_4,692.6874724569075,-0.7412869149664754,0.220913267501027,-3.355556338249486,0.0007920552187806971,0.02360874702680237
ENSG00000257017.4,38695.25878767987,-8.537438335227444,0.6168319226623601,-13.840785506655184,1.4461756016364126e-43,3.836440930122924e-40
ENSG00000261701.7_3,1763.8391204372185,-7.330187762939737,0.639024783177317,-11.470897461117328,1.847333754840397e-30,1.0366739673076466e-27
ENSG00000103154.9_3,12.237813765181727,-2.6218009370369906,0.6921073363540667,-3.788142097797003,0.00015177803816614704,0.005843053999638967
ENSG00000176692.8_5,78.52193727952842,-1.5912030047909769,0.4797940143111226,-3.316429462079868,0.0009117560044419493,0.02629046636919024
ENSG00000174990.7_6,23.306022251484183,-5.201803585681418,0.7873728460548145,-6.6065315964925775,3.934283317821585e-11,4.885375382866028e-09
ENSG00000167711.13_2,2721.945273860199,-4.755551112192975,0.5054553877743865,-9.408448751793006,5.0351288222903855e-21,1.4992866751352627e-18
ENSG00000182853.12_3,62.05443030452339,-1.572364598293354,0.3936765815955873,-3.9940516449327412,6.495370585551981e-05,0.0028289762545819753
ENSG00000182327.8_4,72.09591375799256,-2.1972491117407253,0.6546440335479776,-3.356402868032392,0.0007896345235363123,0.023560659541219966
ENSG00000141485.16_5,777.2969201039135,-6.771085470506992,0.6112268735938579,-11.077859569057786,1.6066759946563224e-28,7.814068700011024e-26
ENSG00000174326.12_4,64.88921889295379,-1.7093114864115035,0.476168876513531,-3.589716948589627,0.00033103722295492965,0.011404955375499176
ENSG00000161944.16_4,770.5071751324602,-6.725014116386201,0.5387151778895972,-12.483431676700237,9.193707750065135e-36,8.129745025898506e-33
ENSG00000141505.12_7,781.1416292787533,-3.941420334213746,0.5675301501151252,-6.94486510261035,3.7882213292354795e-12,5.289190746814378e-10
ENSG00000129226.14_4,5360.846142362206,-0.9770402410917681,0.24509270839443742,-3.9864108870973776,6.708030538197593e-05,0.0029042587408775068
ENSG00000129214.15_5,79.9885339391716,-4.206267504911148,0.5792286147209879,-7.26184342073171,3.8185008001416276e-13,5.86461430783857e-11
ENSG00000179593.16_3,106.67836342584141,-2.282745356121966,0.4474940773173424,-5.101174455328371,3.375522362758146e-07,2.512783624174629e-05
ENSG00000230647.2_7,4.097474337784315,-3.8685124805585946,0.9253044880499258,-4.180799434693615,2.90486005136014e-05,0.001424650775777147
ENSG00000133027.18_3,312.3679991381212,-0.9807167251450472,0.24230661828659816,-4.047420297802447,5.178520658826547e-05,0.0023284192811281585
ENSG00000176974.20_5,1659.217940133854,-0.8482312047136097,0.2620235110058503,-3.237233183607981,0.0012069474548974718,0.032727019637672834
ENSG00000142494.13_4,181.6284765186292,-2.2776775233425566,0.393120628179548,-5.793838735682638,6.8795520375596855e-09,6.373085968508863e-07
ENSG00000109072.14_5,8175.132852618758,-8.457343135400436,0.5579771004753391,-15.157150944358914,6.795375425094535e-52,9.91479251398418e-48
ENSG00000179761.12_4,561.7012953541522,-2.2320830512803282,0.5080849556429866,-4.393129586873133,1.1173048153893018e-05,0.0006071521753794267
ENSG00000275152.5_3,83.67168268727859,-5.534008432338319,0.8068109669500044,-6.859114041618183,6.92889104844267e-12,9.363221435899572e-10
ENSG00000186832.9_5,29.670092408199093,-2.4559610135488934,0.7401706445784989,-3.318101077823043,0.0009063168080652434,0.026206681373579288
ENSG00000128422.17_6,988.8978804896839,-2.5007209110346516,0.6212678415089286,-4.025189691069359,5.692940623711174e-05,0.0025285494724583833
ENSG00000260105.6_4,47.93189947065919,-1.5430726760577984,0.4613703098984519,-3.3445426438416255,0.0008241835824190679,0.0243081513249287
ENSG00000131482.9_2,1200.5740193652061,-8.034973385620143,0.6475758396829265,-12.407772021813411,2.3716059156635786e-35,1.9773094921422538e-32
ENSG00000064300.9_4,301.0459018705803,-2.6496559068358705,0.4192166400135719,-6.320493162556929,2.6072986799463076e-10,2.892911892757156e-08
ENSG00000108823.16_4,83.29227416175793,-1.5054960815553047,0.47182599601370173,-3.1907866337902786,0.0014188602104986826,0.037503405618262736
ENSG00000108924.14_4,267.3317340201243,-1.806490938920576,0.38241658529354083,-4.723882301113911,2.313843638550195e-06,0.00014583211925817114
ENSG00000121064.12_5,938.8480834052453,-0.6977881358221215,0.22589874890849979,-3.088942011382101,0.0020087064211933682,0.049716761727602775
ENSG00000271605.1,36.070637573347355,-1.2137289945586198,0.39004896599024125,-3.1117349368617133,0.001859914145357221,0.046547302466268495
ENSG00000091583.11_4,3969.888835964184,-7.886725098341541,0.5985246091960411,-13.17694373324977,1.1911949133838415e-39,1.6552504174978037e-36
ENSG00000108950.12_3,480.8233300358303,-1.3530425338083123,0.3791352977296475,-3.5687590733721004,0.00035867606709987426,0.012161434571682495
ENSG00000154262.13_4,447.1914210674399,-1.8497815116358203,0.5027651005560676,-3.67921621765299,0.00023395185895014277,0.00850180472730276
ENSG00000186074.19_4,185.7976010886134,-1.1484193904683193,0.35154696287769527,-3.2667595278524977,0.0010878604381879546,0.030204429540211897
ENSG00000182156.10_3,30.506530499819988,-1.913921169712118,0.5721701476627374,-3.3450210178393793,0.0008227633523979857,0.02430066537077492
ENSG00000171246.6_3,327.76853651428587,-4.04711756883742,0.711644246239441,-5.686995419725097,1.2929392295313966e-08,1.1717161384147728e-06
ENSG00000182612.10_2,34.18826505679412,-1.2823624482999256,0.39083652652964745,-3.2810711416519824,0.0010341365678062568,0.029016479985725364
ENSG00000185527.12_4,23.380315917537406,-1.548945192228077,0.4645180749177786,-3.334520820319524,0.0008544650345777322,0.02503428129920964
ENSG00000215644.10_4,143.5975998508092,-5.201682499541978,0.7786828610544367,-6.680104006011166,2.3877273149722688e-11,3.083020830894061e-09
ENSG00000185269.12_4,1448.022980839612,-2.3754379627296656,0.6580188037114693,-3.609984926466109,0.00030621479950865906,0.010688581416820789
ENSG00000169738.7_3,1754.2685665102429,-0.7989141631870047,0.2358877752909608,-3.3868400437520214,0.000707025971689511,0.021513790281409404
ENSG00000101605.12_4,273.8427503378522,-1.9776206558905352,0.4670209019534584,-4.234544209088992,2.2901572973109276e-05,0.0011582162927700206
ENSG00000154864.12_4,698.0244835569409,-1.6187521198060777,0.44729905741038173,-3.6189482025242175,0.00029580283237864644,0.010424906342561935
ENSG00000154080.14_4,50.362401737901344,-4.648527496788347,0.7210721379699657,-6.4466885516827,1.1432037031411992e-10,1.339752098849933e-08
ENSG00000170558.9_4,547.2676871299286,-3.007803989997641,0.4991459288015661,-6.0259010771044155,1.6817002378934714e-09,1.6921963669644616e-07
ENSG00000118271.10_4,1080.6011475862724,-6.764365560164682,0.7269436417610914,-9.305213185134066,1.3372380004521721e-20,3.825680597175964e-18
ENSG00000265158.1_4,10.325481821323633,-3.4439590104309996,0.8917763321216208,-3.8619089634701265,0.00011250449137219037,0.004522724405124693
ENSG00000177511.6_3,25.6501399673969,-3.988057754555784,1.1172395037862688,-3.569563858993936,0.0003575760473743045,0.012147178857310335
ENSG00000277837.1_6,3.6373794565113187,-4.861616982758875,1.1163656390979269,-4.354860820230258,1.33151490351941e-05,0.0007077401894280493
ENSG00000267675.1_6,3.569500760568196,-4.832272296769407,1.3640689842865106,-3.542542461147574,0.0003962896182609804,0.01321614554339848
ENSG00000267391.5_7,122.15439397958161,-9.30372712123731,1.119912699037307,-8.307546766131795,9.770088228243014e-17,2.0659488738286914e-14
ENSG00000285748.2_2,15.988754705037177,-2.1603226091111734,0.5864484379160348,-3.68373836374764,0.00022983815518327013,0.008404645622058905
ENSG00000150656.15_5,30.585184465074366,-2.6304955975139532,0.6827722021506233,-3.8526694397169545,0.0001168370732574164,0.004664052851880531
ENSG00000070404.10_5,1900.6646490117253,-1.6140871729688773,0.41746326074662143,-3.866417298811223,0.00011044589299010567,0.004457706228691942
ENSG00000130005.12_2,463.97738893218667,-3.7914996885326677,0.48296033347116174,-7.850540563615591,4.142478603724598e-15,7.370833422883384e-13
ENSG00000007264.15_5,95.84255376680953,-1.3497258217554486,0.3520929111769644,-3.8334365132306423,0.00012636542524088878,0.0049830668566951015
ENSG00000060566.14_3,493.86888842100154,-3.3172421580379576,0.6702813690957803,-4.9490293345210645,7.458450650559632e-07,5.1697161148213924e-05
ENSG00000171236.10_4,2708.377073130124,-1.7136923312085655,0.45771046219523476,-3.7440532230560986,0.00018107527023216363,0.0068180096266384094
ENSG00000125735.10_3,286.761861784755,-1.6576064636239036,0.45904250559697596,-3.6110086613182326,0.00030500847461207594,0.010663165093529338
ENSG00000125730.16_4,61216.35979888541,-3.2986181208697785,0.58902037998295,-5.600176552405982,2.1413360174835843e-08,1.8992804354464582e-06
ENSG00000276980.1_7,266.8631746041568,-3.182645729464565,0.6894506981981273,-4.616204955310624,3.9082098812044906e-06,0.0002366088641979839
ENSG00000182566.13_5,77.98875288756035,-4.615296544567151,0.7021641399073546,-6.572959629035037,4.9324835518640645e-11,6.098932310463782e-09
ENSG00000104938.16_3,42.39951226662368,-6.601865041452361,0.9182052377413913,-7.189966654613823,6.480714790169103e-13,9.798639289737025e-11
ENSG00000133246.12_6,100.38681330712733,-1.2334419006206112,0.3906109083911618,-3.15772517900455,0.0015900538034699285,0.041097750256028326
ENSG00000167798.17_3,234.23206494960397,-6.1998493872366245,0.608654747981803,-10.18615135722556,2.2863715690377168e-24,8.553667789242259e-22
ENSG00000130812.10_2,50.820475297256145,-2.609260234153719,0.440113993242037,-5.928600940254081,3.055265786944168e-09,2.99180238016167e-07
ENSG00000130173.13_7,120.40666075091482,-3.2173062786805624,0.5337517313138519,-6.027720548579825,1.6628824774100839e-09,1.679050988695628e-07
ENSG00000102575.12_5,1860.893531094268,-1.1524878681794564,0.333309847398497,-3.4577072269982185,0.0005447930760368976,0.017298810393724384
ENSG00000161031.13_6,277.09570623119004,-7.1412236826641236,0.704661282927334,-10.134264299292488,3.892928959226893e-24,1.4199944994899997e-21
ENSG00000171954.13_4,37.58902041334968,-3.457142979027071,0.5941309916693789,-5.818822831162621,5.926350840698469e-09,5.560670221299743e-07
ENSG00000216490.4_4,4342.235613870443,-1.219313044668393,0.3312587353749789,-3.6808479730750423,0.00023245958128401492,0.008479253801811049
ENSG00000175489.10_3,311.3188980876236,-1.173777203655696,0.35152681290344995,-3.3390829961471096,0.0008405544658338998,0.02470112776183185
ENSG00000105655.18_5,838.5484948055705,-1.382688132972919,0.40867002432696653,-3.3833852513407376,0.0007159812013506091,0.021740944262863812
ENSG00000006016.11_3,71.42768197840543,-2.666586142066632,0.5629859193173067,-4.736505924162744,2.1743438818953104e-06,0.00013763455274964654
ENSG00000213996.13_4,84.71845868816645,-2.167601906286577,0.41153321409258325,-5.26713721288831,1.3856763701337185e-07,1.092849247483028e-05
ENSG00000021488.13_3,29.009262293100228,-2.26581069011414,0.538492411311316,-4.207692889481071,2.5799116016543067e-05,0.001282528116658847
ENSG00000277013.1_6,25.532173314628896,-1.2144612060453877,0.382268281874222,-3.1769865919584266,0.0014881391578340263,0.039048247753471974
ENSG00000105707.13_2,779.2989226923008,-2.634903714932029,0.7306150130118514,-3.606418795132653,0.00031045195135457785,0.010807792795864838
ENSG00000266964.5_5,126.26331597709769,-2.1606145703740305,0.40010387225260285,-5.400134115697689,6.659109473126217e-08,5.458412177957757e-06
ENSG00000105697.9_4,117.07224479355445,-5.1220095243645325,0.6998989418464004,-7.318212984937769,2.5129480487697225e-13,3.921408396318143e-11
ENSG00000250799.10_3,98.77385475807158,-7.720366652808869,0.8773729975241864,-8.799412193667429,1.3753463536491591e-18,3.3444984954863427e-16
ENSG00000011600.11_2,963.9869029306916,-1.6214811956927564,0.3133967331239042,-5.173893101979749,2.2926602437170444e-07,1.7467916076215946e-05
ENSG00000269486.2_7,25.469488640043604,-1.6416824528616234,0.45799457525432785,-3.5845019604216595,0.0003377220281820749,0.011594195887507208
ENSG00000255974.8_4,445.4516511575256,-6.104715223248422,0.6605841171744333,-9.241389649755106,2.4331633906632746e-20,6.762108657423335e-18
ENSG00000198077.10_2,28.203173118972483,-3.295874860453851,0.6652270425382384,-4.954511241572682,7.251232460134402e-07,5.050076716448257e-05
ENSG00000256612.7_4,136.20195363095849,-2.9430567490109683,0.618517035048385,-4.7582468747699735,1.9528157473546622e-06,0.00012524201389792615
ENSG00000130203.10_4,12357.613265628377,-3.1036122889499174,0.49576511667590795,-6.260247412644834,3.843671680784464e-10,4.200830835841627e-08
ENSG00000130208.9_3,3775.20055415539,-4.044238250184627,0.4632403806843084,-8.73032321623256,2.5394584808439193e-18,6.074093272910361e-16
ENSG00000214855.9_2,76.94047836683924,-6.218213314795105,0.7670753583566763,-8.10639169548678,5.21451564661181e-16,1.0494122833364086e-13
ENSG00000267467.4_4,163.8488838888521,-7.145507667838596,0.7201653197837048,-9.922037998142823,3.3386834151967423e-23,1.1738086836006763e-20
ENSG00000234906.10_5,2233.625840672384,-4.71835495005214,0.4927340628381897,-9.575865169284253,1.0100803127609054e-21,3.2390278688654926e-19
ENSG00000160013.9_4,246.7064777956531,-1.4030665037263605,0.3551349835004817,-3.950797778063611,7.789111845188791e-05,0.0033133246757209053
ENSG00000197405.8_4,731.3372924709658,-1.326634849399058,0.29300689943108693,-4.52765737590105,5.964118058242538e-06,0.0003452430687946769
ENSG00000134830.5_4,94.25553320856034,-1.4590155201269357,0.2863205287965934,-5.095741916443034,3.473781052065253e-07,2.5598082040483874e-05
ENSG00000105398.4_3,651.9801379632443,-6.2255186383960135,0.668880906217471,-9.307364854532015,1.3104309919196002e-20,3.7861076015055295e-18
ENSG00000105550.9_3,38.42840374558759,-7.890477050857735,1.0709012529107447,-7.368071546663298,1.7311388070656392e-13,2.7454544309229574e-11
ENSG00000104870.12_5,9164.857831483901,-0.8317761629582439,0.25422763267096266,-3.271777163715247,0.001068737755415754,0.02984386262276279
ENSG00000104951.16_4,496.75967831880996,-1.000891317720835,0.3203864548206609,-3.1240125874893567,0.0017840282457982895,0.04503436699017291
ENSG00000169136.11_4,1686.8471528616128,-1.7791792043948802,0.3244605915667949,-5.483498614741971,4.169955441921091e-08,3.5476230248017305e-06
ENSG00000204653.10_4,51.85794504997894,-3.9095756715161487,0.6302308686535952,-6.203402381524788,5.525531998595447e-10,5.877127273306609e-08
ENSG00000129450.8_2,149.23173968200535,-1.3128300177517043,0.41493815221107344,-3.1639173470938995,0.0015566099491004675,0.0404543774308887
ENSG00000168995.13_5,77.34201215022784,-1.3467830773658784,0.4308551155759269,-3.1258375000738345,0.0017729949348488823,0.04479460189941579
ENSG00000142549.9_2,46.809132803123994,-1.8299002970450395,0.4802646753503405,-3.8101913194223065,0.00013885929143393977,0.005402737311111729
ENSG00000105366.15_4,103.32849104080445,-1.6257128096829165,0.5097154523268809,-3.1894516877238908,0.0014254296293202823,0.03764295204814041
ENSG00000170909.13_2,149.2291603968435,-1.54058758969802,0.4347176904913171,-3.5438805997447465,0.0003942837633581699,0.01317937514152893
ENSG00000244482.5,140.65843679358156,-1.3171702119907387,0.41653853210008274,-3.162180952023567,0.0015659222505419806,0.04065407223582343
ENSG00000239961.3_5,18.859474110745396,-2.1012124797888885,0.6678344749778226,-3.146307293972306,0.00165346181844166,0.04251072187131814
ENSG00000167613.16_5,813.2274044710235,-1.1865710841829629,0.34862428201121753,-3.4035812919789192,0.0006650861930175898,0.020494065679457538
ENSG00000186818.12_5,662.4491847411394,-1.6224893546441022,0.37531101924341187,-4.323052805416885,1.5388488258625506e-05,0.0008062562915949552
ENSG00000129991.13_4,40.62997333714216,-1.9904626037183073,0.6337544883359346,-3.1407471510690455,0.0016851745262496521,0.0430228152672713
ENSG00000121410.11_3,878.8564554964121,-5.865771978707172,0.551254186880333,-10.640775377875762,1.9252051028490648e-26,7.912592972709656e-24
ENSG00000083807.10_6,592.312999580583,-2.7791648434639864,0.41433039920693243,-6.7076054491381045,1.9784398720066046e-11,2.565904618001099e-09
ENSG00000101405.3_3,10.380049435642054,-3.4453719569892884,0.9546377149343108,-3.609088456374643,0.00030727482866935645,0.010712767951494015
ENSG00000125872.7_2,40.33859107597159,-2.079162580211414,0.5852231887345715,-3.552768619280431,0.0003811996004585953,0.012815421130163904
ENSG00000238102.2_7,20.144419921358246,-6.552314706368976,1.0777044904356283,-6.079880676492689,1.202720164786674e-09,1.2271530464559418e-07
ENSG00000101323.5_3,282.3337802645457,-8.488177142605023,0.7737374906009948,-10.970357835461604,5.306198026306167e-28,2.4577803905657185e-25
ENSG00000227906.8_6,6.779928114068903,-3.7001471367700067,0.8927098934907248,-4.14484835863248,3.400386581388773e-05,0.0016347064387397985
ENSG00000132639.12_3,48.09972222029751,-2.348049106814867,0.5334979046429404,-4.401233981202549,1.0763697560114567e-05,0.0005883732418114081
ENSG00000171552.13_4,5782.791246374673,-0.8041036680607252,0.20822030614488132,-3.8617927470590865,0.0001125580336716407,0.004522724405124693
ENSG00000149599.15_3,110.22682307315172,-1.7468615373638647,0.5021448668658139,-3.4787999492398893,0.0005036644264701064,0.016151023767938654
ENSG00000129988.6_3,2403.4090637046993,-8.069764235935109,0.604305461141141,-13.353783400693683,1.1258246694132037e-40,2.1901793118764466e-37
ENSG00000237767.2_6,37.51540780684516,-8.250607266975212,1.3932686175777615,-5.921763515580459,3.1850742310549813e-09,3.0878289414091495e-07
ENSG00000100979.15_4,2831.4223963258432,-1.1549697348672285,0.3533648460242988,-3.2684907620601518,0.0010812270702496931,0.03004884489233933
ENSG00000124212.6_4,1110.1251374548701,-2.083919948642677,0.44512019335343805,-4.681701661169044,2.845033299622357e-06,0.00017664024833251063
ENSG00000224397.7_7,308.25525733519515,-1.27984446987391,0.3478272359773616,-3.6795406957642873,0.00023365440210749454,0.008501582428801495
ENSG00000132819.17_3,1405.2432045584776,-0.9138479154144201,0.26097608152352736,-3.5016539066705064,0.0004623798268211664,0.015126351711287506
ENSG00000101160.14_3,9964.687489120792,-0.8354082117325744,0.2074611241927551,-4.0268181086128925,5.653673375089556e-05,0.002514936627415981
ENSG00000101204.17_4,39.20012375872258,-6.2702738309834345,0.9728987400462381,-6.444939820443628,1.1564629475722848e-10,1.3444918435500735e-08
ENSG00000125531.7_6,65.39633538380079,-1.1628393798199714,0.2612668114338587,-4.450773419854558,8.556157993046787e-06,0.00047648329464713415
ENSG00000159261.12_6,49.4764074229568,-1.7898653722476783,0.4592092374492199,-3.897712036869913,9.710578779035189e-05,0.004019353182284055
ENSG00000160255.18_6,3385.4745280074626,-1.6059860157634225,0.3926603437927214,-4.090013267576607,4.313485138522858e-05,0.0020139489572357683
ENSG00000160282.14_3,552.2636691900739,-6.621470714093506,0.673963086356991,-9.824678603519516,8.815477371692204e-23,2.991214478876165e-20
ENSG00000182902.14_3,130.2532632880074,-3.4878242848003613,0.4814214245057268,-7.2448464219914905,4.3292948844645195e-13,6.579851772060371e-11
ENSG00000236754.5_6,10.229568860835322,-3.314536810606986,0.7959174051091213,-4.164423078739632,3.1214083729262445e-05,0.00151054424096784
ENSG00000183628.13_3,166.5367023049331,-0.9012354578028703,0.23222221921186337,-3.8809182896518863,0.0001040628016125641,0.004247072187211515
ENSG00000100033.16_3,272.8500993263193,-1.8374050267876743,0.49086127639453836,-3.7432266816476836,0.00018167219689756237,0.006831670589778051
ENSG00000099937.11_3,998.4975372871857,-3.995387938509167,0.525150033696576,-7.608088512125362,2.7817931542603707e-14,4.6922257823394145e-12
ENSG00000099994.11_3,261.01103127567666,-1.3693878134422948,0.37365421565680035,-3.6648531076659148,0.0002474805820536049,0.008937785723893867
ENSG00000100024.14_3,324.3426259486699,-4.725068893483988,0.5333597800951823,-8.85906487482195,8.068840634756309e-19,1.9953969369730835e-16
ENSG00000228923.1_7,3.887470067622668,-4.952605107504723,1.2825482150041565,-3.8615352230548865,0.00011267676373413014,0.004522724405124693
ENSG00000100003.18_4,772.9587628565884,-0.8785195568221899,0.2608112176399529,-3.368411699357873,0.0007560260977484831,0.02272049182121368
ENSG00000133488.14_2,63.35723967377923,-2.399295979402082,0.6658164916150082,-3.603539428082258,0.0003139131029631747,0.010892150127905351
ENSG00000214491.8_4,17.752970401420082,-2.6587019758669275,0.6190462789514157,-4.294835566042695,1.7482286480428447e-05,0.0009061289552138234
ENSG00000187045.18_5,377.5841496395608,-3.0657487559596346,0.47588640729710696,-6.442186011094905,1.1776482154068115e-10,1.3636885941978639e-08
ENSG00000100197.22_4,1230.3324995012704,-3.358804413448936,0.4771104728396036,-7.039888253675179,1.9239406601577593e-12,2.794581281623436e-10
ENSG00000235568.6_2,570.9172019376733,-1.1054420164286585,0.2989851765029253,-3.697313791133196,0.00021789293976411927,0.007997904245605994
ENSG00000186732.14_4,68.45755531072315,-5.841512570508978,0.7846597844234003,-7.44464376341341,9.720636507495414e-14,1.5585598567319984e-11
ENSG00000188064.10_5,242.11100527048922,-3.9898776184095786,0.74887246746595,-5.3278465850274985,9.93840121614219e-08,8.021813362442487e-06
ENSG00000224715.1_6,3.951166021159603,-2.644847621436562,0.84221300206311,-3.1403547736233763,0.0016874334822929015,0.04304282906187864
ENSG00000073150.13_4,55.30759429183195,-1.8230001642921596,0.4321421204215455,-4.218519968647957,2.4591119549940753e-05,0.00123086356704429
ENSG00000147003.7_5,33.151297861938325,-1.8509508334844889,0.3999125962171288,-4.628388430354748,3.6852231360774196e-06,0.00022497593375287695
ENSG00000036473.8_5,162.1224005157452,-3.396653673240224,0.6491401285395019,-5.232543057971695,1.671936896744927e-07,1.3010344155710324e-05
ENSG00000069535.14_3,754.3367068445863,-2.352920514402509,0.5142782108937197,-4.57518997414565,4.757880515848682e-06,0.0002816221325212584
ENSG00000130988.13_3,258.4624872264065,-2.8187796725661944,0.593037325775225,-4.753123538862337,2.002978748459064e-06,0.0001278969865618905
ENSG00000008056.14_5,114.45955380265067,-1.4299892435219368,0.352305278243776,-4.058949246092369,4.929402511177719e-05,0.0022343057236077248
ENSG00000102265.12_3,14427.453450331755,-1.6742342915036434,0.32114012993798524,-5.213407280575466,1.8540321921245453e-07,1.4312834232377342e-05
ENSG00000126759.13_4,94.09710783574238,-1.4553714442073322,0.46871529318355454,-3.1050223139132593,0.0019026467039312555,0.047494553864343855
ENSG00000158571.10_2,47.818902346156975,-2.7415510441427884,0.47409095903812964,-5.782753271028512,7.348780773116351e-09,6.786226953807223e-07
ENSG00000155659.15_5,773.5609954575315,-1.6219458623902334,0.49947764466106154,-3.247284197255441,0.0011651198407238766,0.03177510474033967
ENSG00000169083.17_5,529.4245182017063,-2.276244844660445,0.553069524762657,-4.115657693555376,3.86076929016963e-05,0.0018259498971870335
ENSG00000123561.15_3,349.62310307803614,-5.01633502445864,0.7392654294495817,-6.785566894685635,1.156315566114174e-11,1.5268074450125658e-09
ENSG00000147257.14_4,150.95011175333602,-1.741444622438696,0.43745718508572856,-3.9808344263391735,6.867377335994127e-05,0.002960072940053835
ENSG00000101981.11_4,495.2342853873423,-10.564113726859137,0.852121315165667,-12.39742926135499,2.6984239151490876e-35,2.1872974518879314e-32
ENSG00000287796.1_1,11.304483673501315,-3.3035308226679305,0.9874125347999432,-3.3456440000908527,0.0008209172030359898,0.02427070405450174
ENSG00000235961.5_2,17.783164950816804,-2.399117179834267,0.5754285293866186,-4.16927047811067,3.0557617313026786e-05,0.0014836968898692755
ENSG00000257088.2,8.284858756210097,-2.6037239110817056,0.7203287684202109,-3.614632686116456,0.0003007737464292526,0.010561827550604117
ENSG00000203902.2,5.949151964109487,-2.2023853774126265,0.6571902843874332,-3.3512141456343483,0.00080458057536038,0.023908824612618382
ENSG00000067840.12_3,114.4434940458388,-1.718899964401872,0.42784414913345103,-4.017584365436119,5.8797787493382244e-05,0.002597975676145058
ENSG00000102032.13_4,291.2402830865581,-1.0061586091826185,0.2917196647820361,-3.449059938877926,0.0005625418180578241,0.017784975940135825
ENSG00000185010.15_5,320.69605031447617,-1.4771430110137669,0.36978985599847475,-3.994547138199106,6.481802519656904e-05,0.0028289762545819753
ENSG00000229308.1_6,3.470226664263749,-3.4818748679349554,1.1133501117927582,-3.127385384933684,0.001763685721069413,0.044714259797155986
